Activity ID and name*,Data element ID*,Data element label*,Data element Description,Data type*,Input option,List to include this data element in,Quantity subtype,Calculation,Validation condition,Optionality*,Explain conditionality,Functional grouping of data elements,Linkages to decision-support tables,Linkages to scheduling logic tables,Linkages to aggregate indicators,Annotations,International Classification of Diseases 11th Revision (ICD-11) code*,ICD-11 Uniform Resource Identifier (URI),ICD-11 code title,ICD-11 relationship,"ICD-11
comments and considerations","International Classification of Diseases 10th Revision (ICD-10)
code*",ICD-10 code title,ICD-10 relationship,"ICD-10
comments and considerations",Logical Observation Identifiers Names and Codes (LOINC) version 2.73 code*,LOINC version 2.73 long common name,LOINC version 2.73 relationship,"LOINC version 2.73
comments and considerations","International Classification of Health Interventions (ICHI) (Beta 3)
code*","ICHI
URI",ICHI code title,ICHI relationship,"ICHI
comments and considerations","International Classification of Functioning, Disability and Health (ICF)
category*",ICF URI,ICF category name,ICF relationship,"ICF
comments and considerations",Anatomical Therapeutic Chemical (ATC) code*,ATC substance name,ATC relationship,ATC comments and considerations,Systematized Nomenclature of Medicine Clinical Terms (SNOMED) Global Patient Set (GPS) code*,SNOMED GPS preferred name,"SNOMED GPS
relationship","SNOMED GPS
comments and considerations"
ART CONSULTATION,,,,,,,,,,,,,,,,,,,,,,,,,,,,,,,,,,,,,,,,,,,,,,,
MISAU.C.HIV,MISAU.C.DE2,HIV Test Type,Records the method used to confirm the patient's HIV-positive status — either a Rapid Test (TR) or PCR. Auto-filled from the ATS module if a positive result already exists.,coding,"Rapid test, PCR",,,,,,,,,,,,,,,,,,,,,,,,,,,,,,,,,,,,,,,,,,
MISAU.C.HIV,MISAU.C.DE3,HIV+ Test Date,The calendar date on which the HIV-positive result was confirmed. Auto-filled from the ATS module if available.,date,,,,,,,,,,,,,,,,,,,,,,,,,,,,,,,,,,,,,,,,,,,
MISAU.C.HIV,MISAU.C.DE4,HIV Testing Site,Records where the HIV-positive test was performed — either at a health unit (US) or at a community testing site (ATS-C).,date,,,,,,,,,,,,,,,,,,,,,,,,,,,,,,,,,,,,,,,,,,,
MISAU.C.HIV,MISAU.C.DE5,Date of Presumptive Diagnosis (Paediatric),"For children under 18 months, records the date on which a clinical presumptive diagnosis of HIV was made, prior to confirmatory PCR testing.",date,,,,,,,,,,,,,,,,,,,,,,,,,,,,,,,,,,,,,,,,,,,
MISAU.C.HIV,MISAU.C.DE6,1st PCR Result,Result of the first PCR test for HIV in infants. Auto-filled from the CCR/Lab module if a result already exists in the system.,coding,,,,,,,,,,,,,,,,,,,,,,,,,,,,,,,,,,,,,,,,,,,
MISAU.C.HIV,MISAU.C.DE7,1st PCR Date,Date on which the first PCR test was performed.,date,,,,,,,,,,,,,,,,,,,,,,,,,,,,,,,,,,,,,,,,,,,
MISAU.C.HIV,MISAU.C.DE8,2nd Discordant PCR Result,Result of a second PCR test performed when the first result was discordant or inconclusive.,coding,,,,,,,,,,,,,,,,,,,,,,,,,,,,,,,,,,,,,,,,,,,
MISAU.C.HIV,MISAU.C.DE9,2nd Discordant PCR Date,Date on which the second discordant PCR test was performed.,date,,,,,,,,,,,,,,,,,,,,,,,,,,,,,,,,,,,,,,,,,,,
MISAU.C.HIV,MISAU.C.DE10,Definitive Diagnostic Criteria,"For paediatric cases, the clinical or age criterion used to confirm the definitive HIV diagnosis.",coding,,,,,,,,,,,,,,,,,,,,,,,,,,,,,,,,,,,,,,,,,,,
MISAU.C.HIV,MISAU.C.DE12,Has the Patient Taken ARVs Before?,"Screens whether the patient has previously received any antiretroviral drugs, including PrEP, PEP, PMTCT, or earlier treatment episodes. A Yes response enables the 'Types of ARVs Taken' field.",coding,,,,,,,,,,,,,,,,,,,,,,,,,,,,,,,,,,,,,,,,,,,
MISAU.C.HIV,MISAU.C.DE13,Types of ARVs Taken Previously,Specifies the category of ARVs previously received by the patient before the current ART enrolment episode.,coding,,,,,,,,,,,,,,,,,,,,,,,,,,,,,,,,,,,,,,,,,,,
MISAU.C.HIV,MISAU.C.DE14,Has the Patient Ever Been to an ART Clinic?,"For transferred patients, records whether the patient has a prior history of attending an ART clinic, triggering display of previous clinical summary fields.",coding,,,,,,,,,,,,,,,,,,,,,,,,,,,,,,,,,,,,,,,,,,,
MISAU.C.HIV,MISAU.C.DE15,Last CD4 Count – Absolute,"Most recent CD4 absolute count recorded at the previous ART clinic, used to assess immune status at entry.",coding,,,,,,,,,,,,,,,,,,,,,,,,,,,,,,,,,,,,,,,,,,,
MISAU.C.HIV,MISAU.C.DE16,Last CD4 Count – Percentage,Most recent CD4 percentage from the previous ART clinic. Mutually exclusive with absolute CD4 and semi-quantitative CD4.,coding,,,,,,,,,,,,,,,,,,,,,,,,,,,,,,,,,,,,,,,,,,,
MISAU.C.HIV,MISAU.C.DE17,Last CD4 – Semi-quantitative,"Categorised CD4 count when an absolute value is unavailable, indicating whether the count was ≤200 or >200 cells/mm³.",coding,,,,,,,,,,,,,,,,,,,,,,,,,,,,,,,,,,,,,,,,,,,
MISAU.C.HIV,MISAU.C.DE18,Last CD4 Date,The date on which the most recent CD4 test was performed at the previous facility.,date,,,,,,,,,,,,,,,,,,,,,,,,,,,,,,,,,,,,,,,,,,,
MISAU.C.HIV,MISAU.C.DE19,Last Viral Load – Absolute,"Most recent quantitative HIV viral load result from the previous ART clinic, expressed as copies/mL.",Numeric,,,,,,,,,,,,,,,,,,,,,,,,,,,,,,,,,,,,,,,,,,,
MISAU.C.HIV,MISAU.C.DE20,Last Viral Load – Qualitative,Qualitative viral load category when a numeric value is unavailable — either Undetectable or Less Than (<) a specified threshold.,coding,Undetectable or Less Than (<) a specified threshold,,,,,,,,,,,,,,,,,,,,,,,,,,,,,,,,,,,,,,,,,,
MISAU.C.HIV,MISAU.C.DE21,Last Viral Load Qualitative Value,"The numeric threshold used when qualitative VL is reported as 'less than' a value (e.g., <20 copies/mL).",Numeric,,,,,,,,,,,,,,,,,,,,,,,,,,,,,,,,,,,,,,,,,,,
MISAU.C.HIV,MISAU.C.DE22,Last Viral Load Date,The date on which the most recent viral load was measured at the previous facility.,date,,,,,,,,,,,,,,,,,,,,,,,,,,,,,,,,,,,,,,,,,,,
MISAU.C.HIV,MISAU.C.DE23,Last TPT Prophylaxis Regimen,"The tuberculosis preventive therapy regimen that the patient was last receiving, used to determine TPT history and continuation needs.",coding,,,,,,,,,,,,,,,,,,,,,,,,,,,,,,,,,,,,,,,,,,,
MISAU.C.HIV,MISAU.C.DE24,Last TPT Start Date,The date on which the patient began the most recently recorded TPT regimen. Must be ≥ date of birth.,date,,,,,,,,,,,,,,,,,,,,,,,,,,,,,,,,,,,,,,,,,,,
MISAU.C.HIV,MISAU.C.DE25,Last TPT End Date,The date on which the patient completed or stopped the most recently recorded TPT regimen. Must be ≥ Start Date.,coding,,,,,,,,,,,,,,,,,,,,,,,,,,,,,,,,,,,,,,,,,,,
MISAU.C.HIV,MISAU.C.DE26,HIV Care Start Date,"The date the patient first entered HIV pre-ART care, used to calculate time from HIV diagnosis to ART initiation.",coding,,,,,,,,,,,,,,,,,,,,,,,,,,,,,,,,,,,,,,,,,,,
MISAU.C.HIV,MISAU.C.DE27,HIV Care Home Facility,"Name of the health unit where the patient first enrolled in HIV care, prior to transfer.",coding,,,,,,,,,,,,,,,,,,,,,,,,,,,,,,,,,,,,,,,,,,,
MISAU.C.HIV,MISAU.C.DE14,HIV Care Home Sector,The department or sector within the originating facility where the patient received HIV care.,coding,,,,,,,,,,,,,,,,,,,,,,,,,,,,,,,,,,,,,,,,,,,
MISAU.C.HIV,MISAU.C.DE15,ART Start Date,The date on which the patient first initiated antiretroviral therapy. Must be ≥ date of birth.,coding,,,,,,,,,,,,,,,,,,,,,,,,,,,,,,,,,,,,,,,,,,,
MISAU.C.HIV,MISAU.C.DE16,ART Start Facility,The name of the health unit at which the patient first commenced antiretroviral treatment.,coding,,,,,,,,,,,,,,,,,,,,,,,,,,,,,,,,,,,,,,,,,,,
MISAU.C.HIV,MISAU.C.DE17,Initial ART Regimen (1st Line),The first ART regimen the patient received when initiating treatment. Selected from the national formulary regimen list.,coding,,,,,,,,,,,,,,,,,,,,,,,,,,,,,,,,,,,,,,,,,,,
MISAU.C.HIV,MISAU.C.DE18,WHO Stage at ART Initiation,"The WHO HIV clinical staging at the time treatment was started, used for baseline immunological status characterisation.",coding,,,,,,,,,,,,,,,,,,,,,,,,,,,,,,,,,,,,,,,,,,,
MISAU.C.HIV,MISAU.C.DE19,Pregnant at ART Start?,Documents whether the patient was pregnant at the time antiretroviral therapy was initiated.,coding,,,,,,,,,,,,,,,,,,,,,,,,,,,,,,,,,,,,,,,,,,,
MISAU.C.HIV,MISAU.C.DE20,Breastfeeding at ART Start?,"Documents whether the patient was breastfeeding at the time of ART initiation, relevant for PMTCT regimen selection.",coding,,,,,,,,,,,,,,,,,,,,,,,,,,,,,,,,,,,,,,,,,,,
MISAU.C.HIV,MISAU.C.DE21,CD4 at ART Start – Absolute,"The absolute CD4 cell count at the time ART was initiated, used to characterise baseline immunological status.",coding,,,,,,,,,,,,,,,,,,,,,,,,,,,,,,,,,,,,,,,,,,,
MISAU.C.HIV,MISAU.C.DE22,CD4 at ART Start – Percentage,The CD4 percentage at ART initiation. Mutually exclusive with absolute CD4 and semi-quantitative options.,coding,,,,,,,,,,,,,,,,,,,,,,,,,,,,,,,,,,,,,,,,,,,
MISAU.C.HIV,MISAU.C.DE23,CD4 at ART Start – Semi-quantitative,Categorised CD4 count at ART initiation when a precise value is unavailable.,coding,,,,,,,,,,,,,,,,,,,,,,,,,,,,,,,,,,,,,,,,,,,
MISAU.C.HIV,MISAU.C.DE24,Alternative 1st Line Regimen (up to 3),"Records any regimen substitutions within the first line of ART, for example due to toxicity, drug interactions, or pregnancy. Up to 3 entries permitted.",coding,,,,,,,,,,,,,,,,,,,,,,,,,,,,,,,,,,,,,,,,,,,
MISAU.C.HIV,MISAU.C.DE25,Reason for 1st Line Alternative,The clinical justification for substituting within the first ART line.,string,,,,,,,,,,,,,,,,,,,,,,,,,,,,,,,,,,,,,,,,,,,
MISAU.C.HIV,MISAU.C.DE26,Date of 1st Line Alternative,The date on which each first-line alternative regimen was started.,date,,,,,,,,,,,,,,,,,,,,,,,,,,,,,,,,,,,,,,,,,,,
MISAU.C.HIV,MISAU.C.DE27,2nd Line Regimen (up to 2),"Records any change to a second-line ART regimen, typically due to confirmed therapeutic failure. Up to 2 entries permitted.",coding,,,,,,,,,,,,,,,,,,,,,,,,,,,,,,,,,,,,,,,,,,,
MISAU.C.HIV,MISAU.C.DE28,Reason for 2nd Line Change,The clinical justification for escalating to a second-line ART regimen.,coding,,,,,,,,,,,,,,,,,,,,,,,,,,,,,,,,,,,,,,,,,,,
MISAU.C.HIV,MISAU.C.DE29,Date of 2nd Line Change,The date on which the patient was switched to a second-line ART regimen.,coding,,,,,,,,,,,,,,,,,,,,,,,,,,,,,,,,,,,,,,,,,,,
MISAU.C.HIV,MISAU.C.DE30,3rd Line Regimen,"Records a change to a third-line ART regimen, reserved for confirmed multi-drug resistance or failure of second-line therapy.",coding,,,,,,,,,,,,,,,,,,,,,,,,,,,,,,,,,,,,,,,,,,,
MISAU.C.HIV,MISAU.C.DE31,Reason for 3rd Line Change,The clinical justification for escalating to a third-line ART regimen.,coding,,,,,,,,,,,,,,,,,,,,,,,,,,,,,,,,,,,,,,,,,,,
MISAU.C.HIV,MISAU.C.DE32,Date of 3rd Line Change,The date on which the patient was switched to a third-line ART regimen.,coding,,,,,,,,,,,,,,,,,,,,,,,,,,,,,,,,,,,,,,,,,,,
MISAU.C.HIV,MISAU.C.DE33,Chief Complaint,"The patient's primary presenting concern or reason for attending the ART consultation, recorded in their own words.",coding,,,,,,,,,,,,,,,,,,,,,,,,,,,,,,,,,,,,,,,,,,,
MISAU.C.HIV,MISAU.C.DE34,History of Present Illness,"A structured narrative of the patient's current clinical problems, symptoms, and relevant events since the last consultation.",coding,,,,,,,,,,,,,,,,,,,,,,,,,,,,,,,,,,,,,,,,,,,
MISAU.C.HIV,MISAU.C.DE35,Allergy Registry,"Displays all allergies previously recorded in the system for this patient. Allows addition of new allergies. On initial consultation, shown inline in the flow; on follow-up, accessible via the right sidebar menu.",coding,,,,,,,,,,,,,,,,,,,,,,,,,,,,,,,,,,,,,,,,,,,
MISAU.C.HIV,MISAU.C.DE36,STI Screening,Sexually transmitted infection screening using the standardised STI screening protocol. Captures symptoms and diagnosis for syndromic STI management.,coding,,,,,,,,,,,,,,,,,,,,,,,,,,,,,,,,,,,,,,,,,,,
MISAU.C.HIV,MISAU.C.DE37,Cervical Cancer (CACUM) Screening,"Screening for cervical cancer using VIA (visual inspection with acetic acid) or cytology, per the standardised CACUM screening protocol.",coding,,,,,,,,,,,,,,,,,,,,,,,,,,,,,,,,,,,,,,,,,,,
MISAU.C.HIV,MISAU.C.DE38,Diabetes Screening,"Screening for diabetes mellitus using fasting blood glucose or random blood glucose, per the standardised diabetes screening protocol.",coding,,,,,,,,,,,,,,,,,,,,,,,,,,,,,,,,,,,,,,,,,,,
MISAU.C.HIV,MISAU.C.DE39,TB Screening,"Tuberculosis symptom screening using the standardised TB screening algorithm, capturing cough, weight loss, fever, and night sweats.",coding,,,,,,,,,,,,,,,,,,,,,,,,,,,,,,,,,,,,,,,,,,,
MISAU.C.HIV,MISAU.C.DE40,Hypertension (HTA) Screening,Blood pressure-based hypertension screening using the standardised HTA screening protocol.,coding,,,,,,,,,,,,,,,,,,,,,,,,,,,,,,,,,,,,,,,,,,,
MISAU.C.HIV,MISAU.C.DE41,Medical Conditions / Chronic Diseases,Displays all chronic conditions or significant medical diagnoses previously recorded in the system. Allows addition of new conditions during the consultation.,coding,,,,,,,,,,,,,,,,,,,,,,,,,,,,,,,,,,,,,,,,,,,
MISAU.C.HIV,MISAU.C.DE42,Menstrual History,"Captures menstrual cycle information relevant to HIV care, including cycle regularity and last menstrual period. Shown only for female patients aged 10 years and older.",coding,,,,,,,,,,,,,,,,,,,,,,,,,,,,,,,,,,,,,,,,,,,
MISAU.C.HIV,MISAU.C.DE43,Family Planning Method,"The contraceptive method(s) currently being used or chosen by the patient, recorded to support reproductive health within HIV care.",coding,,,,,,,,,,,,,,,,,,,,,,,,,,,,,,,,,,,,,,,,,,,
MISAU.C.HIV,MISAU.C.DE44,Family Planning – Other (specify),Free text field for specifying a family planning method not covered by the standard options.,coding,,,,,,,,,,,,,,,,,,,,,,,,,,,,,,,,,,,,,,,,,,,
MISAU.C.HIV,MISAU.C.DE45,Vital Signs,"Auto-displays any vital signs already recorded for this patient on the same day, allowing editing. Captures temperature, blood pressure, pulse rate, and respiratory rate per the standard vital signs form.",coding,,,,,,,,,,,,,,,,,,,,,,,,,,,,,,,,,,,,,,,,,,,
MISAU.C.HIV,MISAU.C.DE46,Weight,"The patient's measured body weight, auto-displayed if already entered on the same day and editable.",coding,,,,,,,,,,,,,,,,,,,,,,,,,,,,,,,,,,,,,,,,,,,
MISAU.C.HIV,MISAU.C.DE47,Height,"The patient's height. On initial consultation, always captured. On follow-up, for patients ≥18 years, auto-populated from the most recent consultation and editable.",coding,,,,,,,,,,,,,,,,,,,,,,,,,,,,,,,,,,,,,,,,,,,
MISAU.C.HIV,MISAU.C.DE48,BMI,Body Mass Index auto-calculated from weight and height. A value <16 kg/m² is listed as a danger/warning sign in the Master Record.,coding,,,,,,,,,,,,,,,,,,,,,,,,,,,,,,,,,,,,,,,,,,,
MISAU.C.HIV,MISAU.C.DE49,MUAC,"Mid-upper arm circumference for nutritional assessment, used to classify acute malnutrition especially when weight/height are unreliable.",coding,,,,,,,,,,,,,,,,,,,,,,,,,,,,,,,,,,,,,,,,,,,
MISAU.C.HIV,MISAU.C.DE50,Nutritional Assessment,"Composite nutritional status classification based on BMI, MUAC, and clinical assessment, following the national nutritional assessment protocol.",coding,,,,,,,,,,,,,,,,,,,,,,,,,,,,,,,,,,,,,,,,,,,
MISAU.C.HIV,MISAU.C.DE51,General State,"Clinician's overall descriptive assessment of the patient's appearance, comfort, and distress level at the time of consultation.",coding,,,,,,,,,,,,,,,,,,,,,,,,,,,,,,,,,,,,,,,,,,,
MISAU.C.HIV,MISAU.C.DE52,Level of Consciousness,"Standardised assessment of the patient's alertness and neurological responsiveness (e.g., Alert, Voice, Pain, Unresponsive). An altered level of consciousness is a documented danger sign.",coding,,,,,,,,,,,,,,,,,,,,,,,,,,,,,,,,,,,,,,,,,,,
MISAU.C.HIV,MISAU.C.DE53,Regional Physical Examination,"Structured body-systems physical examination. On initial consultation, shown inline in the flow; on follow-up, available via the right sidebar menu only.",coding,,,,,,,,,,,,,,,,,,,,,,,,,,,,,,,,,,,,,,,,,,,
MISAU.C.HIV,MISAU.C.DE54,Neurological Examination,"Standardised neurological assessment including motor function, reflexes, and cognition. On initial consultation, shown inline; on follow-up, accessible via the sidebar menu.",coding,,,,,,,,,,,,,,,,,,,,,,,,,,,,,,,,,,,,,,,,,,,
MISAU.C.HIV,MISAU.C.DE55,Diagnoses,"ICD-10 or SNOMED coded diagnoses recorded during the consultation, including opportunistic infections, comorbidities, and HIV-related conditions.",coding,,,,,,,,,,,,,,,,,,,,,,,,,,,,,,,,,,,,,,,,,,,
MISAU.C.HIV,MISAU.C.DE56,WHO HIV Stage (Current),"The patient's current WHO HIV clinical stage (I–IV), which determines treatment eligibility and clinical urgency. Required field. On follow-up, auto-populated from the previous consultation and editable.",coding,,,,,,,,,,,,,,,,,,,,,,,,,,,,,,,,,,,,,,,,,,,
MISAU.C.HIV,MISAU.C.DE57,Adherence to ART,"Assessment of the patient's adherence to their antiretroviral regimen, classified as Good, At-Risk, or Poor based on the clinician's evaluation and patient-reported pill-taking behaviour.",coding,,,,,,,,,,,,,,,,,,,,,,,,,,,,,,,,,,,,,,,,,,,
MISAU.C.HIV,MISAU.C.DE58,Side Effects,"Captures any adverse reactions or side effects experienced by the patient in relation to their ART regimen. On initial consultation, shown only for transferred patients. On follow-up, shown for all patients and auto-populated from the previous consultation.",coding,,,,,,,,,,,,,,,,,,,,,,,,,,,,,,,,,,,,,,,,,,,
MISAU.C.HIV,MISAU.C.DE59,MDS Eligibility (Differentiated Service Model),"Records which Differentiated Service Model(s) the patient is eligible for, determining their care delivery modality and follow-up frequency. Multiple models may be assigned. On follow-up, auto-populated and editable.",coding,,,,,,,,,,,,,,,,,,,,,,,,,,,,,,,,,,,,,,,,,,,
MISAU.C.HIV,MISAU.C.DE60,MDS State,"The current status of each assigned Differentiated Service Model — whether the patient is starting, continuing, or ending that model.",coding,,,,,,,,,,,,,,,,,,,,,,,,,,,,,,,,,,,,,,,,,,,
MISAU.C.HIV,MISAU.C.DE61,Another MDS Model (specify),Free text description for a differentiated service model not covered by the standard MDS list.,coding,,,,,,,,,,,,,,,,,,,,,,,,,,,,,,,,,,,,,,,,,,,
Advanced HIV Disease (DAH),,,,,,,,,,,,,,,,,,,,,,,,,,,,,,,,,,,,,,,,,,,,,,,
MISAU.C.HIV,MISAU.C.DE62,Chemotherapy Indication (Kaposi's Sarcoma),Records whether chemotherapy for Kaposi's sarcoma has been indicated for this patient. Displayed only for patients enrolled in the DAH (Advanced HIV Disease) differentiated service model with status Start or Continue.,boolean,,,,,,,,,,,,,,,,,,,,,,,,,,,,,,,,,,,,,,,,,,,
MISAU.C.HIV,MISAU.C.DE63,Chemotherapy Cycle Number,The sequential cycle number of Kaposi's sarcoma chemotherapy being administered. Each cycle number can only be selected once per patient record.,Numeric,,,,,,,,,,,,,,,,,,,,,,,,,,,,,,,,,,,,,,,,,,,
MISAU.C.HIV,MISAU.C.DE64,Chemotherapy Cycle Start Date,The date on which the current chemotherapy cycle commenced.,date,,,,,,,,,,,,,,,,,,,,,,,,,,,,,,,,,,,,,,,,,,,
MISAU.C.HIV,MISAU.C.DE65,Chemotherapy Cycle End Date,The date on which the current chemotherapy cycle was completed.,date,,,,,,,,,,,,,,,,,,,,,,,,,,,,,,,,,,,,,,,,,,,
MISAU.C.HIV,MISAU.C.DE66,Chemotherapy Regimen (Kaposi's Sarcoma),"The specific chemotherapy regimen used for Kaposi's sarcoma treatment, selected from approved national regimens.",coding,,,,,,,,,,,,,,,,,,,,,,,,,,,,,,,,,,,,,,,,,,,
MISAU.C.HIV,MISAU.C.DE67,Chemotherapy Regimen – Other (specify),Free text description for a Kaposi's sarcoma chemotherapy regimen not covered by the standard options.,string,,,,,,,,,,,,,,,,,,,,,,,,,,,,,,,,,,,,,,,,,,,
,,,,,,,,,,,,,,,,,,,,,,,,,,,,,,,,,,,,,,,,,,,,,,,
,,,,,,,,,,,,,,,,,,,,,,,,,,,,,,,,,,,,,,,,,,,,,,,
APSS  & PP,,,,,,,,,,,,,,,,,,,,,,,,,,,,,,,,,,,,,,,,,,,,,,,
MISAU.C.HIV,MISAU.C.DE67,Reason for Consultation,"The type or purpose of this APSS&PP session, classified as a Normal/routine visit, Absent (missed appointment follow-up), Restart (return after interruption), or AMA (Adherence Strengthening).",coding,"Normal/routine visit, Absent (missed appointment follow-up), Restart (return after interruption), or AMA (Adherence Strengthening).",,,,,,,,,,,,,,,,,,,,,,,,,,,,,,,,,,,,,,,,,,
,,,,,,,,,,,,,,,,,,,,,,,,,,,,,,,,,,,,,,,,,,,,,,,
MISAU.C.HIV,MISAU.C.DE68,Acceptance of Diagnosis,"Records whether the patient has accepted their HIV-positive diagnosis. Shown only during the first two APSS&PP appointments, as part of ART preparation counselling.",boolean,,,,,,,,,,,,,,,,,,,,,,,,,,,,,,,,,,,,,,,,,,,
MISAU.C.HIV,MISAU.C.DE69,Importance of Starting ART,Documents whether the patient understands the importance and benefits of commencing antiretroviral therapy. Shown only during the first two APSS&PP appointments.,boolean,,,,,,,,,,,,,,,,,,,,,,,,,,,,,,,,,,,,,,,,,,,
MISAU.C.HIV,MISAU.C.DE70,Advantages of Involving a Confidant,Records whether the counsellor discussed the benefits of having a trusted support person involved in the patient's care and treatment. Shown only during the first two APSS&PP appointments.,boolean,,,,,,,,,,,,,,,,,,,,,,,,,,,,,,,,,,,,,,,,,,,
MISAU.C.HIV,MISAU.C.DE71,Counselling Observations,"Free text notes from the counsellor about the content of the ART preparation counselling session, including any key concerns raised.",string,,,,,,,,,,,,,,,,,,,,,,,,,,,,,,,,,,,,,,,,,,,
MISAU.C.HIV,MISAU.C.DE72,Date Patient Ready to Start ART,"The date on which the patient indicated they are psychosocially ready to commence antiretroviral therapy, as determined through the counselling process.",coding,,,,,,,,,,,,,,,,,,,,,,,,,,,,,,,,,,,,,,,,,,,
MISAU.C.HIV,MISAU.C.DE73,Are There Psychosocial Factors Affecting Adherence?,Screening question to determine whether any psychosocial barrier to ART adherence is present. A Yes response triggers display of the detailed psychosocial factors list.,boolean,,,,,,,,,,,,,,,,,,,,,,,,,,,,,,,,,,,,,,,,,,,
MISAU.C.HIV,MISAU.C.DE74,Psychosocial Factors Affecting Adherence,"Multi-select list of specific psychosocial, social, or structural barriers that may prevent or reduce the patient's adherence to ART. Enables targeted counselling and referral planning.",coding,,,,,,,,,,,,,,,,,,,,,,,,,,,,,,,,,,,,,,,,,,,
MISAU.C.HIV,MISAU.C.DE75,Caregiver Consent for Diagnostic Disclosure,Records whether the child's caregiver(s) have given consent for the child's HIV diagnosis to be disclosed to the child. Required step in the paediatric and adolescent disclosure process.,coding,,,,,,,,,,,,,,,,,,,,,,,,,,,,,,,,,,,,,,,,,,,
MISAU.C.HIV,MISAU.C.DE76,Diagnostic Disclosure Status,"The current stage of HIV diagnosis disclosure to the child or adolescent — whether no disclosure has occurred, partial disclosure, or full disclosure has been completed.",coding,"no disclosure has occurred, partial disclosure, or full disclosure has been completed.",,,,,,,,,,,,,,,,,,,,,,,,,,,,,,,,,,,,,,,,,,
MISAU.C.HIV,MISAU.C.DE77,Child Knows Own Name and Caregivers' Names,"Developmental readiness assessment: documents whether the child can identify themselves and their caregivers by name, a prerequisite for disclosure.",coding,,,,,,,,,,,,,,,,,,,,,,,,,,,,,,,,,,,,,,,,,,,
MISAU.C.HIV,MISAU.C.DE78,Child Manages Personal Hygiene Independently,"Developmental readiness: documents whether the child can independently manage personal hygiene tasks (bathing, teeth, hair), indicating readiness for increased health responsibility.",coding,,,,,,,,,,,,,,,,,,,,,,,,,,,,,,,,,,,,,,,,,,,
MISAU.C.HIV,MISAU.C.DE79,Child Can Explain Importance of Daily Medication,Assesses whether the child understands and can explain why taking medication every day without fail is important for their health.,boolean,,,,,,,,,,,,,,,,,,,,,,,,,,,,,,,,,,,,,,,,,,,
MISAU.C.HIV,MISAU.C.DE80,Child Knows Medication Timing and Dosage,Assesses whether the child knows the specific details of their medication schedule — the time and dose to take each day.,boolean,,,,,,,,,,,,,,,,,,,,,,,,,,,,,,,,,,,,,,,,,,,
MISAU.C.HIV,MISAU.C.DE81,Child Receives Caregiver Support for Medication and Visits,Documents whether the child receives adequate support from their caregivers to take medication consistently and attend health facility appointments.,boolean,,,,,,,,,,,,,,,,,,,,,,,,,,,,,,,,,,,,,,,,,,,
MISAU.C.HIV,MISAU.C.DE82,Caregivers Understand Advantages of Starting RDT,Records whether the primary and secondary caregivers have been informed of and understand the benefits of initiating the child's HIV treatment (RDT).,boolean,,,,,,,,,,,,,,,,,,,,,,,,,,,,,,,,,,,,,,,,,,,
MISAU.C.HIV,MISAU.C.DE83,1st and 2nd Caregivers Prepared to Start RDT,Documents whether both primary and secondary caregivers are emotionally and practically prepared for the child to begin HIV treatment.,boolean,,,,,,,,,,,,,,,,,,,,,,,,,,,,,,,,,,,,,,,,,,,
MISAU.C.HIV,MISAU.C.DE84,Patient Ready to Start RDT?,Records the counsellor's assessment of whether the patient (child or adolescent) themselves is psychologically ready to commence HIV treatment.,boolean,,,,,,,,,,,,,,,,,,,,,,,,,,,,,,,,,,,,,,,,,,,
MISAU.C.HIV,MISAU.C.DE85,Who Will Disclose the Diagnosis?,Documents the planned disclosure method — whether the diagnosis will be revealed by a caregiver or by a health care provider.,coding,,,,,,,,,,,,,,,,,,,,,,,,,,,,,,,,,,,,,,,,,,,
MISAU.C.HIV,MISAU.C.DE86,Where Will Disclosure Take Place?,Documents the planned disclosure setting — whether at home or at the health facility.,coding,,,,,,,,,,,,,,,,,,,,,,,,,,,,,,,,,,,,,,,,,,,
MISAU.C.HIV,MISAU.C.DE87,Proposed Date for Disclosure (RDT),The planned calendar date on which the HIV diagnosis will be disclosed to the child or adolescent.,coding,,,,,,,,,,,,,,,,,,,,,,,,,,,,,,,,,,,,,,,,,,,
MISAU.C.HIV,MISAU.C.DE88,Key Population Group,"The specific key population group(s) to which the patient belongs, used to tailor HIV prevention, care, and support services. MSM option hidden for female patients.",coding,,,,,,,,,,,,,,,,,,,,,,,,,,,,,,,,,,,,,,,,,,,
MISAU.C.HIV,MISAU.C.DE89,Key Population State,The current enrolment status within the key population programme for each identified group.,coding,,,,,,,,,,,,,,,,,,,,,,,,,,,,,,,,,,,,,,,,,,,
MISAU.C.HIV,MISAU.C.DE90,Offer of Lubricants and Condoms,"Records whether lubricants and/or condoms were provided to the patient during the consultation, an essential harm reduction intervention.",boolean,,,,,,,,,,,,,,,,,,,,,,,,,,,,,,,,,,,,,,,,,,,
MISAU.C.HIV,MISAU.C.DE91,PP1 – Sexual Behaviour & Safe Sex / Condom Provision,Records whether counselling on safe sexual behaviour and condom use was provided during this session.,boolean,,,,,,,,,,,,,,,,,,,,,,,,,,,,,,,,,,,,,,,,,,,
MISAU.C.HIV,MISAU.C.DE92,PP2 – Serostatus Disclosure to Partner & Partner Testing,Records whether counselling on disclosing HIV status to the sexual partner and inviting the partner for HIV testing was conducted.,boolean,,,,,,,,,,,,,,,,,,,,,,,,,,,,,,,,,,,,,,,,,,,
MISAU.C.HIV,MISAU.C.DE93,PP3 – Importance of Adherence to Pre-ART and ART,Records whether counselling on the importance of adhering to both pre-ART care and ART treatment was provided.,boolean,,,,,,,,,,,,,,,,,,,,,,,,,,,,,,,,,,,,,,,,,,,
MISAU.C.HIV,MISAU.C.DE94,PP4 – Sexually Transmitted Infections,Records whether STI prevention and treatment counselling was conducted during this session.,boolean,,,,,,,,,,,,,,,,,,,,,,,,,,,,,,,,,,,,,,,,,,,
MISAU.C.HIV,MISAU.C.DE95,"PP5 – Family Planning, Safe Pregnancy & PMTCT","Records whether counselling on family planning, safe pregnancy, and PMTCT was provided.",boolean,,,,,,,,,,,,,,,,,,,,,,,,,,,,,,,,,,,,,,,,,,,
MISAU.C.HIV,MISAU.C.DE96,PP6 – Alcohol and Other Drug Use,Records whether counselling on the impact of alcohol and drug use on ART adherence and HIV progression was conducted.,boolean,,,,,,,,,,,,,,,,,,,,,,,,,,,,,,,,,,,,,,,,,,,
MISAU.C.HIV,MISAU.C.DE97,PP7 – Referral to Community Support Services,"Records whether the patient was referred or linked to community support services such as social protection, food programmes, or peer support.",boolean,,,,,,,,,,,,,,,,,,,,,,,,,,,,,,,,,,,,,,,,,,,
MISAU.C.HIV,MISAU.C.DE98,Has Patient Disclosed Serostatus to Anyone?,"Records whether the patient has informed any person in their life about their HIV-positive status, which is a key indicator of psychosocial readiness and support.",boolean,,,,,,,,,,,,,,,,,,,,,,,,,,,,,,,,,,,,,,,,,,,
MISAU.C.HIV,MISAU.C.DE99,Kinship of Person Disclosed To,"The relationship of the person the patient has chosen to disclose their HIV status to, enabling assessment of social support networks.",boolean,,,,,,,,,,,,,,,,,,,,,,,,,,,,,,,,,,,,,,,,,,,
MISAU.C.HIV,MISAU.C.DE100,All Contacts with Unknown Serostatus Tested?,"Records whether all contacts of the patient (sexual partners, needle-sharing partners, children <15, parents of children ≤15) with unknown HIV status have been tested.",boolean,,,,,,,,,,,,,,,,,,,,,,,,,,,,,,,,,,,,,,,,,,,
MISAU.C.HIV,MISAU.C.DE101,Who Administers ARVs?,"For children, adolescents, elderly patients, and those with physical or mental disability, documents the name of the person responsible for administering the patient's ARV medication.",coding,,,,,,,,,,,,,,,,,,,,,,,,,,,,,,,,,,,,,,,,,,,
MISAU.C.HIV,MISAU.C.DE102,ARV Administrator Kinship,The relationship of the caregiver who administers the patient's ARV drugs to the patient.,coding,,,,,,,,,,,,,,,,,,,,,,,,,,,,,,,,,,,,,,,,,,,
MISAU.C.HIV,MISAU.C.DE103,Doses Forgotten in Last 2 Weeks,The number of ART doses the patient reports having missed in the 14 days prior to the consultation. Used to calculate the adherence percentage.,coding,,,,,,,,,,,,,,,,,,,,,,,,,,,,,,,,,,,,,,,,,,,
MISAU.C.HIV,MISAU.C.DE104,Adherence Assessment Classification,"Calculated adherence category based on the proportion of doses taken: Good (>87%), At-Risk (78–87%), or Poor (<78%). Calculated as (doses taken ÷ doses prescribed) × 100.",coding,,,,,,,,,,,,,,,,,,,,,,,,,,,,,,,,,,,,,,,,,,,
MISAU.C.HIV,MISAU.C.DE105,Adherence Percentage,The calculated percentage of prescribed doses that the patient actually took over the last 2 weeks.,coding,,,,,,,,,,,,,,,,,,,,,,,,,,,,,,,,,,,,,,,,,,,
MISAU.C.HIV,MISAU.C.DE106,Delay in Appointments (days),The number of days by which the patient was late for their scheduled clinical appointment. Used to identify appointment adherence patterns.,coding,,,,,,,,,,,,,,,,,,,,,,,,,,,,,,,,,,,,,,,,,,,
MISAU.C.HIV,MISAU.C.DE107,Delay in ARV Collection at Pharmacy (days),The number of days by which the patient was late collecting their antiretroviral medication from the pharmacy. Indicates pharmacy-level adherence.,coding,,,,,,,,,,,,,,,,,,,,,,,,,,,,,,,,,,,,,,,,,,,
MISAU.C.HIV,MISAU.C.DE108,Following Adherence Plan?,"Records whether the patient is following their individualised adherence plan, covering correct dosing schedule, timing, and what to do if doses are missed or during travel.",coding,,,,,,,,,,,,,,,,,,,,,,,,,,,,,,,,,,,,,,,,,,,
MISAU.C.HIV,MISAU.C.DE109,Can Health Unit Service Be Improved?,"Asks the patient for their feedback on the quality of services received at the health unit, supporting patient-centred quality improvement.",coding,,,,,,,,,,,,,,,,,,,,,,,,,,,,,,,,,,,,,,,,,,,
MISAU.C.HIV,MISAU.C.DE110,Suggestions for Service Improvement,"The specific area(s) the patient identifies for improving the health unit's service, used to inform quality improvement plans.",coding,,,,,,,,,,,,,,,,,,,,,,,,,,,,,,,,,,,,,,,,,,,
MISAU.C.HIV,MISAU.C.DE111,AMA Reason,The specific reason(s) why this patient requires an Adherence Strengthening (AMA) session. Guides the content and intensity of adherence support interventions.,string,,,,,,,,,,,,,,,,,,,,,,,,,,,,,,,,,,,,,,,,,,,
MISAU.C.HIV,MISAU.C.DE112,Adherence Plan,"The specific intervention(s) or strategies selected as part of the patient's personalised adherence plan, addressing the identified barriers and reasons for poor adherence.",coding,,,,,,,,,,,,,,,,,,,,,,,,,,,,,,,,,,,,,,,,,,,
MISAU.C.HIV,MISAU.C.DE113,Support Group – Mother-to-Mother (MPM),"Records enrolment status in the Mother-to-Mother support group, which provides peer support for HIV-positive mothers on ART.",coding,,,,,,,,,,,,,,,,,,,,,,,,,,,,,,,,,,,,,,,,,,,
MISAU.C.HIV,MISAU.C.DE114,Support Group – Parents and Caregivers (PC),"Records enrolment status in the Parents and Caregivers support group, for caregivers of HIV-positive children.",coding,,,,,,,,,,,,,,,,,,,,,,,,,,,,,,,,,,,,,,,,,,,
MISAU.C.HIV,MISAU.C.DE115,Support Group – Disclosed Child/Adolescent (AR),Records enrolment status in the support group for children and adolescents whose HIV diagnosis has been fully disclosed to them.,coding,,,,,,,,,,,,,,,,,,,,,,,,,,,,,,,,,,,,,,,,,,,
MISAU.C.HIV,MISAU.C.DE116,Support Group – Peer Education / Mentor Mother (MM),"Records enrolment status in the Peer Education Mentor Mother programme, where experienced HIV-positive mothers support newly diagnosed mothers.",coding,,,,,,,,,,,,,,,,,,,,,,,,,,,,,,,,,,,,,,,,,,,
MISAU.C.HIV,MISAU.C.DE117,Support Group – Peer Education / Adolescent & Youth (AJM),Records enrolment status in the Adolescent and Youth peer education programme for HIV-positive young people.,coding,,,,,,,,,,,,,,,,,,,,,,,,,,,,,,,,,,,,,,,,,,,
MISAU.C.HIV,MISAU.C.DE118,Support Group – Champion Man (HC),"Records enrolment status in the Champion Man peer education programme, engaging HIV-positive men as peer educators and advocates.",coding,,,,,,,,,,,,,,,,,,,,,,,,,,,,,,,,,,,,,,,,,,,
MISAU.C.HIV,MISAU.C.DE119,Support Group – Other (specify),Free text description for any support group the patient is enrolled in that is not covered by the standard list.,string,,,,,,,,,,,,,,,,,,,,,,,,,,,,,,,,,,,,,,,,,,,
,,,,,,,,,,,,,,,,,,,,,,,,,,,,,,,,,,,,,,,,,,,,,,,
Alternative & Line Treatment,,,,,,,,,,,,,,,,,,,,,,,,,,,,,,,,,,,,,,,,,,,,,,,
MISAU.C.HIV,MISAU.C.DE119,Suspected Therapeutic Failure?,"Records whether the clinician suspects that the patient's current ART regimen is failing to suppress viral load, based on clinical and/or laboratory criteria. A Yes response triggers submission to the Therapeutic Committee. The system preserves all historical entries for audit.",boolean,,,,,,,,,,,,,,,,,,,,,,,,,,,,,,,,,,,,,,,,,,,
MISAU.C.HIV,MISAU.C.DE120,Therapeutic Committee Submission ID,The unique identifier assigned to the case when submitted to the multi-disciplinary Therapeutic Committee for review and approval of a line change.,Numeric,,,,,,,,,,,,,,,,,,,,,,,,,,,,,,,,,,,,,,,,,,,
MISAU.C.HIV,MISAU.C.DE121,Date of Therapeutic Committee Approval,The date on which the Therapeutic Committee formally approved the recommended ART regimen change for this patient.,date,,,,,,,,,,,,,,,,,,,,,,,,,,,,,,,,,,,,,,,,,,,
MISAU.C.HIV,MISAU.C.DE122,Alternative or Line Change,Classifies the type of regimen modification — either a substitution within the same ART line (Alternative) or an escalation to a higher ART line (Line Change).,boolean,,,,,,,,,,,,,,,,,,,,,,,,,,,,,,,,,,,,,,,,,,,
MISAU.C.HIV,MISAU.C.DE123,Reason for Alternative or Line Change,"The clinical justification for the regimen modification. Toxicity and side effects, therapeutic failure, pregnancy, initiation of TB treatment, or another reason.",string,,,,,,,,,,,,,,,,,,,,,,,,,,,,,,,,,,,,,,,,,,,
MISAU.C.HIV,MISAU.C.DE124,Reason – Other (specify),Free text description for the regimen change reason when 'Other' is selected from the standard justification list.,string,,,,,,,,,,,,,,,,,,,,,,,,,,,,,,,,,,,,,,,,,,,