Activity ID and name*,Data element ID*,Data element label*,Description and definition*,Data type*,Input option,Quantity subtype,Calculation,Validation condition,Optionality*,Functional grouping of data elements,Linkages to decision-support tables,Annotations,International Classification of Diseases 11th Revision (ICD-11) code*,ICD-11 Uniform Resource Identifier (URI),ICD-11 code title,ICD-11 relationship,"ICD-11
comments and considerations","International Classification of Diseases 10th Revision (ICD-10)
code*",ICD-10 code title,ICD-10 relationship,"ICD-10
comments and considerations",Logical Observation Identifiers Names and Codes (LOINC) version 2.73 code*,LOINC version 2.73 long common name,LOINC version 2.73 relationship,"LOINC version 2.73
comments and considerations","International Classification of Health Interventions (ICHI) (Beta 3)
code*","CIEL
URI",CIEL code title,CIEL relationship,"CIEL
comments and considerations","International Classification of Functioning, Disability and Health (ICF)
category*",ICF URI,ICF category name,ICF relationship,"ICF
comments and considerations",Anatomical Therapeutic Chemical (ATC) code*,ATC substance name,ATC relationship,ATC comments and considerations,Systematized Nomenclature of Medicine Clinical Terms (SNOMED) Global Patient Set (GPS) code*,SNOMED GPS preferred name,"SNOMED GPS
relationship","SNOMED GPS
comments and considerations"
PRENATAL CONSULTATION,,,,,,,,,,,,,,,,,,,,,,,,,,,,,,,,,,,,,,,,,,,
,,Registration,,,,,,,,,,,,,,,,,,,,,,,,,,164918,,,,,,,,,,,,,,,
MISAU.D MCH,MISAU.D.DE3,Program/department,,coding,MCH,,,,,,,,,,,,,,,,,LP36132-6,,,,,,,,,,,,,,,,,,,,,
MISAU.D MCH,MISAU.D.DE4,Service,,coding,CPN,,,,,,,,,,,,,,,,,,,,,,,,,,,,,,,,,,,,,,
MISAU.D MCH,MISAU.D.DE5,Start date,,coding,,,,,,,,,,,,,,,,,,69044-6,,,,,,,,,,,,,,,,,,,,,
MISAU.D MCH,MISAU.D.DE6,Consultation date,,date,,,,,,,,,,,,,,,,,,LP432879-7,,,,,,,,,,,,,,,,,,,,,
MISAU.D MCH,MISAU.D.DE7,LMP,Last menstrual period,date,,,,,,,,,,,,,,,,,,,,,,,,1427,,,,,,,,,,,,,,,
MISAU.D MCH,MISAU.D.DE8,Gestational age,,Numeric,,,,,,,,,,,,,,,,,,LP63627-1,,,,,,,,,,,,,,,,,,,,,
MISAU.D MCH,MISAU.D.DE9,EDD,Estimated due date,date,,,,,,,,,,,,,,,,,,,,,,,,5596,,,,,,,,,,,,,,,
MISAU.D MCH,MISAU.D.DE10,Firstborn,,boolean,,,,,,,,,,,,,,,,,,,,,,,,,,,,,,,,,,,,,,,
MISAU.D MCH,MISAU.D.DE11,Yes,,codes,,,,,,,,,,,,,,,,,,,,,,,,,,,,,,,,,,,,,,,
MISAU.D MCH,MISAU.D.DE12,No,,codes,,,,,,,,,,,,,,,,,,,,,,,,,,,,,,,,,,,,,,,
MISAU.D MCH,MISAU.D.DE13,Partner Present,,boolean,,,,,,,,,,,,,,,,,,,,,,,,,,,,,,,,,,,,,,,
MISAU.D MCH,MISAU.D.DE14,Yes,,Input option,,,,,,,,,,,,,,,,,,,,,,,,,,,,,,,,,,,,,,,
MISAU.D MCH,MISAU.D.DE15,No,,Input option,,,,,,,,,,,,,,,,,,,,,,,,,,,,,,,,,,,,,,,
MISAU.D MCH,MISAU.D.DE16,Where to enter ART,,coding,,,,,,,,,,,,,,,,,,,,,,,,,,,,,,,,,,,,,,,
MISAU.D MCH,MISAU.D.DE17,ART started on the visit?,,boolean,,,,,,,,,,,,,,,,,,,,,,,,,,,,,,,,,,,,,,,
MISAU.D MCH,MISAU.D.DE18,Yes,,coding,,,,,,,,,,,,,,,,,,,,,,,,,,,,,,,,,,,,,,,
MISAU.D MCH,MISAU.D.DE19,No,,coding,,,,,,,,,,,,,,,,,,,,,,,,,,,,,,,,,,,,,,,
MISAU.D MCH,MISAU.D.DE20,"At CTZ, the Entrance?",,coding,,,,,,,,,,,,,,,,,,,,,,,,,,,,,,,,,,,,,,,
Admission,,,,,,,,,,,,,,,,,,,,,,,,,,,,,,,,,,,,,,,,,,,
MISAU.D MCH,MISAU.D.DE21,Consultation Date (Admission),,,,,,,,,,,,,,,,,,,,,,,,,,,,,,,,,,,,,,,,,
MISAU.D MCH,MISAU.D.DE22,Partner Present? (Admission),,,,,,,,,,,,,,,,,,,,,,,,,,,,,,,,,,,,,,,,,
Obstetric History,,,,,,,,,,,,,,,,,,,,,,,,,,,,,,,,,,,,,,,,,,,
MISAU.D MCH,MISAU.D.DE23,Year of Previous Pregnancy,,date,,,,,,,,,,,,,,,,,,,,,,,,166071,,,,,,,,,,,,,,,
MISAU.D MCH,MISAU.D.DE24,Type of Pregnancy,,coding,,,,,,,,,,,,,,,,,,,,,,,,,,,,,,,,,,,,,,,
MISAU.D MCH,MISAU.D.DE25,Had Haemorrhagic Complications?,,boolean,"Yes, No",,,,,,,,,,,,,,,,,,,,,,,,,,,,,,,,,,,,,,
MISAU.D MCH,MISAU.D.DE26,Manual Removal of Placenta?,,boolean,"Yes, No",,,,,,,,,,,,,,,,,,,,,,,,,,,,,,,,,,,,,,
MISAU.D MCH,MISAU.D.DE27,Had High Blood Pressure or Oedema?,,boolean,"Yes, No",,,,,,,,,,,,,,,,,,,,,,,,,,,,,,,,,,,,,,
MISAU.D MCH,MISAU.D.DE28,Had Seizures?,,boolean,"Yes, No",,,,,,,,,,,,,,,,,,,,,,,,,,,,,,,,,,,,,,
MISAU.D MCH,MISAU.D.DE29,Pregnancy Outcome,,coding,"1  live swimming
Stillborn
Miscarriage
Abortion
Ectopic pregnancy
Others
",,,,,,,,,,,,,,,,,,,,,,,161033,,,,,,,,,,,,,,,
MISAU.D MCH,MISAU.D.DE30,Place of Birth – Institutional (PI),,coding,"Institutional, Out of hospital delivery",,,,,,,,,,,,,,,,,,,,,,,,,,,,,,,,,,,,,,
MISAU.D MCH,MISAU.D.DE31,Place of Birth – Province,,coding,List of provinces,,,,,,,,,,,,,,,,,,,,,,,,,,,,,,,,,,,,,,
MISAU.D MCH,MISAU.D.DE32,Place of Birth – District,,coding,List of Districts,,,,,,,,,,,,,,,,,,,,,,,,,,,,,,,,,,,,,,
MISAU.D MCH,MISAU.D.DE33,Place of Birth – Health Unit,,coding,List of health units,,,,,,,,,,,,,,,,,,,,,,,,,,,,,,,,,,,,,,
MISAU.D MCH,MISAU.D.DE35,Type of Delivery,,coding,"Eutocicus
Sucker
Cesarean section
Other Dystocias
",,,,,,,,,,,,,,,,,,,,,,,,,,,,,,,,,,,,,,
MISAU.D MCH,MISAU.D.DE36,Premature Birth?,,boolean,,,,,,,,,,,,,,,,,,,,,,,,,,,,,,,,,,,,,,,
MISAU.D MCH,MISAU.D.DE37,Newborn Weight Category,,coding,"Weight < 2500
Weight > 4000
",,,,,,,,,,,,,,,,,,,,,,,,,,,,,,,,,,,,,,
MISAU.D MCH,MISAU.D.DE38,Newborn Died in First Week?,,boolean,,,,,,,,,,,,,,,,,,,,,,,,,,,,,,,,,,,,,,,
MISAU.D MCH,MISAU.D.DE40,Comments (Obstetric History),,string,,,,,,,,,,,,,,,,,,,,,,,,,,,,,,,,,,,,,,,
MISAU.D MCH,MISAU.D.DE41,Gravidity (G) – Auto-calc,,Numeric,,,,,,,,,,,,,,,,,,,,,,,,,,,,,,,,,,,,,,,
MISAU.D MCH,MISAU.D.DE42,Parity (P) – Deliveries,,Numeric,,,,,,,,,,,,,,,,,,,,,,,,,,,,,,,,,,,,,,,
MISAU.D MCH,MISAU.D.DE43,Abortions (A),,Numeric,,,,,,,,,,,,,,,,,,,,,,,,,,,,,,,,,,,,,,,
MISAU.D MCH,MISAU.D.DE44,Caesarean Sections,,Numeric,,,,,,,,,,,,,,,,,,,,,,,,,,,,,,,,,,,,,,,
MISAU.D MCH,MISAU.D.DE45,Live Births (NV),,Numeric,,,,,,,,,,,,,,,,,,,,,,,,,,,,,,,,,,,,,,,
MISAU.D MCH,MISAU.D.DE46,Stillbirths (NM),,Numeric,,,,,,,,,,,,,,,,,,,,,,,,,,,,,,,,,,,,,,,
MISAU.D MCH,MISAU.D.DE47,Currently Alive (CA),,Numeric,,,,,,,,,,,,,,,,,,,,,,,,,,,,,,,,,,,,,,,
MISAU.D MCH,MISAU.D.DE48,Ectopic Pregnancies (GE),,Numeric,,,,,,,,,,,,,,,,,,,,,,,,,,,,,,,,,,,,,,,
MISAU.D MCH,MISAU.D.DE49,Date of Last Delivery,,date,,,,,,,,,,,,,,,,,,,,,,,,,,,,,,,,,,,,,,,
MISAU.D MCH,MISAU.D.DE50,Primigravida Under 16 Years?,,boolean,,,,,,,,,,,,,,,,,,,,,,,,,,,,,,,,,,,,,,,
MISAU.D MCH,MISAU.D.DE51,Had Seizures Outside Pregnancy?,,boolean,,,,,,,,,,,,,,,,,,,,,,,,,,,,,,,,,,,,,,,
MISAU.D MCH,MISAU.D.DE52,Losing Weight?,,boolean,,,,,,,,,,,,,,,,,,,,,,,,,,,,,,,,,,,,,,,
MISAU.D MCH,MISAU.D.DE53,Contact with TB Patient?,,boolean,,,,,,,,,,,,,,,,,,,,,,,,,,,,,,,,,,,,,,,
MISAU.D MCH,MISAU.D.DE54,Cough and Phlegm > 3 Weeks?,,boolean,,,,,,,,,,,,,,,,,,,,,,,,,,,,,,,,,,,,,,,
MISAU.D MCH,MISAU.D.DE55,Has TB and Undergoing Treatment?,,boolean,,,,,,,,,,,,,,,,,,,,,,,,,,,,,,,,,,,,,,,
MISAU.D MCH,MISAU.D.DE56,"Very Hungry, Thirsty, Frequent Urination?",,boolean,,,,,,,,,,,,,,,,,,,,,,,,,,,,,,,,,,,,,,,
MISAU.D MCH,MISAU.D.DE57,Pain or Frequent Urination?,,boolean,,,,,,,,,,,,,,,,,,,,,,,,,,,,,,,,,,,,,,,
Vital Signs,,,,,,,,,,,,,,,,,,,,,,,,,,,,,,,,,,,,,,,,,,,
MISAU.D MCH,MISAU.D.DE58,Blood Pressure (Systolic),,Numeric,,,,,,,,,,,,,,,,,,,,,,,,,,,,,,,,,,,,,,,
MISAU.D MCH,MISAU.D.DE59,Blood Pressure (Diastolic),,Numeric,,,,,,,,,,,,,,,,,,,,,,,,,,,,,,,,,,,,,,,
MISAU.D MCH,MISAU.D.DE60,Temperature,,Numeric,,,,,,,,,,,,,,,,,,,,,,,,,,,,,,,,,,,,,,,
MISAU.D MCH,MISAU.D.DE61,Pulse Rate,,Numeric,,,,,,,,,,,,,,,,,,,,,,,,,,,,,,,,,,,,,,,
MISAU.D MCH,MISAU.D.DE62,Respiratory Rate,,Numeric,,,,,,,,,,,,,,,,,,,,,,,,,,,,,,,,,,,,,,,
MISAU.D MCH,MISAU.D.DE63,Oxygen Saturation (SpO2),,Numeric,,,,,,,,,,,,,,,,,,,,,,,,,,,,,,,,,,,,,,,
Anthropometric,,,,,,,,,,,,,,,,,,,,,,,,,,,,,,,,,,,,,,,,,,,
MISAU.D MCH,MISAU.D.DE64,Weight (kg),,Numeric,,,,,,,,,,,,,,,,,,,,,,,,,,,,,,,,,,,,,,,
MISAU.D MCH,MISAU.D.DE65,Height (m),,Numeric,,,,,,,,,,,,,,,,,,,,,,,,,,,,,,,,,,,,,,,
MISAU.D MCH,MISAU.D.DE66,BMI,,Numeric,,,,,,,,,,,,,,,,,,,,,,,,,,,,,,,,,,,,,,,
MISAU.D MCH,MISAU.D.DE67,MUAC,,Numeric,,,,,,,,,,,,,,,,,,,,,,,,,,,,,,,,,,,,,,,
Obstetric Examination,,,,,,,,,,,,,,,,,,,,,,,,,,,,,,,,,,,,,,,,,,,
MISAU.D MCH,MISAU.D.DE68,Evaluation Date,,date,,,,,,,,,,,,,,,,,,,,,,,,,,,,,,,,,,,,,,,
MISAU.D MCH,MISAU.D.DE69,Gestational Age at Examination (Weeks),,Numeric,,,,,,,,,,,,,,,,,,,,,,,,,,,,,,,,,,,,,,,
MISAU.D MCH,MISAU.D.DE70,Perceived Fetal Movements?,,boolean,,,,,,,,,,,,,,,,,,,,,,,,,,,,,,,,,,,,,,,
MISAU.D MCH,MISAU.D.DE71,Uterine Height (cm),,Numeric,,,,,,,,,,,,,,,,,,,,,,,,,,,,,,,,,,,,,,,
MISAU.D MCH,MISAU.D.DE72,Fetal Heart Rate (bpm),,Numeric,,,,,,,,,,,,,,,,,,,,,,,,,,,,,,,,,,,,,,,
MISAU.D MCH,MISAU.D.DE73,Fetal Presentation,,coding,"Cephalic
Pelvic
Transverse
Indeterminate
",,,,,,,,,,,,,,,,,,,,,,,,,,,,,,,,,,,,,,
MISAU.D MCH,MISAU.D.DE74,Oedema Present?,,boolean,,,,,,,,,,,,,,,,,,,,,,,,,,,,,,,,,,,,,,,
MISAU.D MCH,MISAU.D.DE75,,,coding,,,,,,,,,,,,,,,,,,,,,,,,,,,,,,,,,,,,,,,
MISAU.D MCH,MISAU.D.DE76,Oedema Location,,coding,"Feet
Hand
Ankle
Face
",,,,,,,,,,,,,,,,,,,,,,,,,,,,,,,,,,,,,,
MISAU.D MCH,MISAU.D.DE77,Anterior Region Findings,,coding,"Injuries
Itching
Pigmentary changes
",,,,,,,,,,,,,,,,,,,,,,,,,,,,,,,,,,,,,,
MISAU.D MCH,MISAU.D.DE78,Breast Findings,,coding,"Nodule
Pain
Colostrum
",,,,,,,,,,,,,,,,,,,,,,,,,,,,,,,,,,,,,,
MISAU.D MCH,MISAU.D.DE79,Pelvis Findings,,coding,,,,,,,,,,,,,,,,,,,,,,,,,,,,,,,,,,,,,,,
MISAU.D MCH,MISAU.D.DE80,Genital Ulcers Present?,,boolean,,,,,,,,,,,,,,,,,,,,,,,,,,,,,,,,,,,,,,,
MISAU.D MCH,MISAU.D.DE81,Genital Ulcer Location,,coding,"Vulva
Vagina
Cervix
Perianal
",,,,,,,,,,,,,,,,,,,,,,,,,,,,,,,,,,,,,,
MISAU.D MCH,MISAU.D.DE82,Condyloma Present?,,boolean,,,,,,,,,,,,,,,,,,,,,,,,,,,,,,,,,,,,,,,
MISAU.D MCH,MISAU.D.DE83,Condyloma Location,,coding,"Vulva
Perianal
Cervix
",,,,,,,,,,,,,,,,,,,,,,,,,,,,,,,,,,,,,,
MISAU.D MCH,MISAU.D.DE84,Cervical Lesions Present?,,boolean,,,,,,,,,,,,,,,,,,,,,,,,,,,,,,,,,,,,,,,
MISAU.D MCH,MISAU.D.DE85,Cervical Lesion Type,,coding,"Cervical erosion
Ectopia
Ulcer
Friability
",,,,,,,,,,,,,,,,,,,,,,,,,,,,,,,,,,,,,,
MISAU.D MCH,MISAU.D.DE86,Discharge Present?,,boolean,,,,,,,,,,,,,,,,,,,,,,,,,,,,,,,,,,,,,,,
MISAU.D MCH,MISAU.D.DE87,Discharge Type,,coding,"Yellowish
Whitish
Sparkling
Purulent
Foul-smelling
Other
",,,,,,,,,,,,,,,,,,,,,,,,,,,,,,,,,,,,,,
Laboratory Requests,,,,,,,,,,,,,,,,,,,,,,,,,,,,,,,,,,,,,,,,,,,
MISAU.D MCH,MISAU.D.DE88,Rapid HIV Test (Requested),,coding,,,,,,,,,,,,,,,,,,,,,,,,,,,,,,,,,,,,,,,
MISAU.D MCH,MISAU.D.DE89,Syphilis Test – Rapid/VDRL (Requested),,coding,,,,,,,,,,,,,,,,,,,,,,,,,,,,,,,,,,,,,,,
MISAU.D MCH,MISAU.D.DE90,Haemoglobin (Requested),,coding,,,,,,,,,,,,,,,,,,,,,,,,,,,,,,,,,,,,,,,
MISAU.D MCH,MISAU.D.DE91,Blood Sugar (Requested),,coding,,,,,,,,,,,,,,,,,,,,,,,,,,,,,,,,,,,,,,,
MISAU.D MCH,MISAU.D.DE92,Blood Group and Rh Factor (Requested),,coding,,,,,,,,,,,,,,,,,,,,,,,,,,,,,,,,,,,,,,,
MISAU.D MCH,MISAU.D.DE93,Urine II (Requested),,coding,,,,,,,,,,,,,,,,,,,,,,,,,,,,,,,,,,,,,,,
MISAU.D MCH,MISAU.D.DE94,Malaria Test – RDT / Microscopy (Requested),,coding,,,,,,,,,,,,,,,,,,,,,,,,,,,,,,,,,,,,,,,
MISAU.D MCH,MISAU.D.DE95,HIV Viral Load (Requested),,coding,,,,,,,,,,,,,,,,,,,,,,,,,,,,,,,,,,,,,,,
MISAU.D MCH,MISAU.D.DE96,CD4 Count (Requested),,coding,,,,,,,,,,,,,,,,,,,,,,,,,,,,,,,,,,,,,,,
MISAU.D MCH,MISAU.D.DE97,Rapid HIV Test Result,,coding,,,,,,,,,,,,,,,,,,,,,,,,,,,,,,,,,,,,,,,
MISAU.D MCH,MISAU.D.DE98,,,coding,,,,,,,,,,,,,,,,,,,,,,,,,,,,,,,,,,,,,,,
MISAU.D MCH,MISAU.D.DE99,Partner HIV Test Result at CPN,,coding,,,,,,,,,,,,,,,,,,,,,,,,,,,,,,,,,,,,,,,
Prophlaxis & treatment,,,,coding,,,,,,,,,,,,,,,,,,,,,,,,,,,,,,,,,,,,,,,
MISAU.D MCH,MISAU.D.DE100,Benzathine Penicillin (Prescribed),,codes,,,,,,,,,,,,,,,,,,,,,,,,,,,,,,,,,,,,,,,
MISAU.D MCH,MISAU.D.DE101,Ferrous Salt + Folic Acid (Prescribed),,codes,,,,,,,,,,,,,,,,,,,,,,,,,,,,,,,,,,,,,,,
MISAU.D MCH,MISAU.D.DE102,Nutritional Supplements (Prescribed),,codes,,,,,,,,,,,,,,,,,,,,,,,,,,,,,,,,,,,,,,,
MISAU.D MCH,MISAU.D.DE103,Mebendazole (Prescribed),,codes,,,,,,,,,,,,,,,,,,,,,,,,,,,,,,,,,,,,,,,
MISAU.D MCH,MISAU.D.DE104,Sulfadoxine/Pyrimethamine (SP) (Prescribed),,codes,,,,,,,,,,,,,,,,,,,,,,,,,,,,,,,,,,,,,,,
MISAU.D MCH,MISAU.D.DE105,Misoprostol (Prescribed),,codes,,,,,,,,,,,,,,,,,,,,,,,,,,,,,,,,,,,,,,,
MISAU.D MCH,MISAU.D.DE106,Cotrimoxazole / CTZ (Prescribed),,codes,,,,,,,,,,,,,,,,,,,,,,,,,,,,,,,,,,,,,,,
MISAU.D MCH,MISAU.D.DE107,AZT (Prescribed),,codes,,,,,,,,,,,,,,,,,,,,,,,,,,,,,,,,,,,,,,,
MISAU.D MCH,MISAU.D.DE108,Nevirapine / NVP (Prescribed),,codes,,,,,,,,,,,,,,,,,,,,,,,,,,,,,,,,,,,,,,,
Prevention,,,,,,,,,,,,,,,,,,,,,,,,,,,,,,,,,,,,,,,,,,,
MISAU.D MCH,MISAU.D.DE109,Mosquito Net Received?,,boolean,,,,,,,,,,,,,,,,,,,,,,,,,,,,,,,,,,,,,,,
MISAU.D MCH,MISAU.D.DE110,Slept Under Net Previous Night?,,boolean,,,,,,,,,,,,,,,,,,,,,,,,,,,,,,,,,,,,,,,
Allergy,,,,,,,,,,,,,,,,,,,,,,,,,,,,,,,,,,,,,,,,,,,
MISAU.D MCH,MISAU.D.DE111,Cotrimoxazole Allergy?,,codes,,,,,,,,,,,,,,,,,,,,,,,,,,,,,,,,,,,,,,,
MISAU.D MCH,MISAU.D.DE112,Penicillin Allergy?,,codes,,,,,,,,,,,,,,,,,,,,,,,,,,,,,,,,,,,,,,,
MISAU.D MCH,MISAU.D.DE113,Sulfadoxine/Pyrimethamine Allergy?,,codes,,,,,,,,,,,,,,,,,,,,,,,,,,,,,,,,,,,,,,,
MISAU.D MCH,MISAU.D.DE114,Other Allergies (free text),,codes,,,,,,,,,,,,,,,,,,,,,,,,,,,,,,,,,,,,,,,
Vaccination,,,,,,,,,,,,,,,,,,,,,,,,,,,,,,,,,,,,,,,,,,,
MISAU.D MCH,MISAU.D.DE115,Tetanus Toxoid (VAT) Dose Number,,coding,"1a dose
2a dose 
3a dose
4a dose
5a dose
",,,,,,,,,,,,,,,,,,,,,,,,,,,,,,,,,,,,,,
MISAU.D MCH,MISAU.D.DE116,VAT Dose Date,,date,,,,,,,,,,,,,,,,,,,,,,,,,,,,,,,,,,,,,,,
MISAU.D MCH,MISAU.D.DE117,Malaria Vaccine (TIP) Dose Number,,coding,"1a dose
2a dose 
3a dose
4a dose
5a dose
",,,,,,,,,,,,,,,,,,,,,,,,,,,,,,,,,,,,,,
MISAU.D MCH,MISAU.D.DE118,Malaria Vaccine Dose Date,,date,,,,,,,,,,,,,,,,,,,,,,,,,,,,,,,,,,,,,,,
MISAU.D MCH,MISAU.D.DE119,Date of Last Consultation (Banner),,date,,,,,,,,,,,,,,,,,,,,,,,,,,,,,,,,,,,,,,,
MISAU.D MCH,MISAU.D.DE120,Consultation Number (Banner),,Numeric,,,,,,,,,,,,,,,,,,,,,,,,,,,,,,,,,,,,,,,
MISAU.D MCH,MISAU.D.DE121,LMP (Banner),,date,,,,,,,,,,,,,,,,,,,,,,,,,,,,,,,,,,,,,,,
MISAU.D MCH,MISAU.D.DE122,EDD (Banner),,date,,,,,,,,,,,,,,,,,,,,,,,,,,,,,,,,,,,,,,,
MISAU.D MCH,MISAU.D.DE123,ARO Flag (Banner),,date,,,,,,,,,,,,,,,,,,,,,,,,,,,,,,,,,,,,,,,
MISAU.D MCH,MISAU.D.DE29,Past Obstetric History (link),"References the obstetric history captured during prenatal consultation (CPN_FR3). Shown only if not a first-time mother, avoiding duplicate data entry.",string,,,,,,,,,,,,,,,,,,,,,,,,,,,,,,,,,,,,,,,
MISAU.D MCH,MISAU.D.DE31,Live Birth in This Delivery?,"Confirms whether the baby from this delivery was born alive, used to determine whether a newborn postnatal consult is needed.",boolean,,,,,,,,,,,,,,,,,,,,,,,,,,,,,,,,,,,,,,,
MISAU.D MCH,MISAU.D.DE32,Had Haemorrhagic Complications?,"Documents whether the woman experienced bleeding complications during or after delivery, a key postpartum risk factor.",boolean,,,,,,,,,,,,,,,,,,,,,,,,,,,,,,,,,,,,,,,
MISAU.D MCH,MISAU.D.DE33,Had Hypertension / Eclampsia?,Records whether the woman had high blood pressure or eclamptic seizures during pregnancy or delivery.,boolean,,,,,,,,,,,,,,,,,,,,,,,,,,,,,,,,,,,,,,,
MISAU.D MCH,MISAU.D.DE34,Had Tuberculosis?,"Documents whether the woman had TB during the pregnancy, relevant for newborn prophylaxis decisions.",boolean,,,,,,,,,,,,,,,,,,,,,,,,,,,,,,,,,,,,,,,
MISAU.D MCH,MISAU.D.DE35,Had Malaria?,"Records whether malaria was diagnosed during the pregnancy, informing postpartum management.",boolean,,,,,,,,,,,,,,,,,,,,,,,,,,,,,,,,,,,,,,,
MISAU.D MCH,MISAU.D.DE36,Had Sepsis?,Documents whether the woman experienced sepsis (severe infection) during the perinatal period.,boolean,,,,,,,,,,,,,,,,,,,,,,,,,,,,,,,,,,,,,,,
MISAU.D MCH,MISAU.D.DE37,Had Uterine Rupture?,"Records whether uterine rupture occurred during labour or delivery, critical for postoperative monitoring.",boolean,,,,,,,,,,,,,,,,,,,,,,,,,,,,,,,,,,,,,,,
MISAU.D MCH,MISAU.D.DE38,Premature Rupture of Membranes (PROM)?,"Documents whether membranes ruptured before the onset of labour, an infection risk factor.",boolean,,,,,,,,,,,,,,,,,,,,,,,,,,,,,,,,,,,,,,,
MISAU.D MCH,MISAU.D.DE39,Chief Complaint,"The woman's primary reason or concern for attending the postpartum consultation, in her own words.",string,,,,,,,,,,,,,,,,,,,,,,,,,,,,,,,,,,,,,,,
MISAU.D MCH,MISAU.D.DE40,History of Present Illness,Narrative description of the woman's current symptoms and relevant clinical context since the last consultation.,string,,,,,,,,,,,,,,,,,,,,,,,,,,,,,,,,,,,,,,,
MISAU.D MCH,MISAU.D.DE41,Past Medical History,"Record of significant past illnesses, surgeries, or chronic conditions not captured in obstetric history.",string,,,,,,,,,,,,,,,,,,,,,,,,,,,,,,,,,,,,,,,
MISAU.D MCH,MISAU.D.DE42,Pain in Lower Abdomen?,"Screens for lower abdominal pain which may indicate uterine infection, retained products of conception, or other complications.",boolean,,,,,,,,,,,,,,,,,,,,,,,,,,,,,,,,,,,,,,,
MISAU.D MCH,MISAU.D.DE43,Menstruation Resumed?,"Records whether the woman's menstrual cycle has restarted, relevant for family planning counselling.",boolean,,,,,,,,,,,,,,,,,,,,,,,,,,,,,,,,,,,,,,,
MISAU.D MCH,MISAU.D.DE44,Menstruation Resumption Date,The date on which the woman's first postpartum menstrual period began. Captured only if menstruation has resumed.,date,,,,,,,,,,,,,,,,,,,,,,,,,,,,,,,,,,,,,,,
MISAU.D MCH,MISAU.D.DE45,Resumed Sexual Relations?,"Captures whether the woman has resumed sexual activity, relevant for STI screening and family planning.",boolean,,,,,,,,,,,,,,,,,,,,,,,,,,,,,,,,,,,,,,,
MISAU.D MCH,MISAU.D.DE46,Vaginal Bleeding After Intercourse (last 6 months)?,"Screens for post-coital bleeding, which may indicate cervical pathology or STI.",boolean,,,,,,,,,,,,,,,,,,,,,,,,,,,,,,,,,,,,,,,
MISAU.D MCH,MISAU.D.DE47,"Urinary Pain, Vaginal Discharge, or Genital Ulcers?","Composite screening question for STI symptoms including dysuria, abnormal discharge, and genital ulceration.",boolean,,,,,,,,,,,,,,,,,,,,,,,,,,,,,,,,,,,,,,,
MISAU.D MCH,MISAU.D.DE48,Signs Suggestive of Depression?,"Clinical screening for postpartum depression, a common and underdiagnosed postpartum condition.",boolean,,,,,,,,,,,,,,,,,,,,,,,,,,,,,,,,,,,,,,,
MISAU.D MCH,MISAU.D.DE49,Blood Pressure (Systolic),The peak pressure in the arteries during a heartbeat. Elevated values may indicate postpartum hypertension.,Numeric,,,,,,,,,,,,,,,,,,,,,,,,,,,,,,,,,,,,,,,
MISAU.D MCH,MISAU.D.DE50,Blood Pressure (Diastolic),"The pressure in the arteries between heartbeats. Together with systolic BP, used to diagnose hypertension.",Numeric,,,,,,,,,,,,,,,,,,,,,,,,,,,,,,,,,,,,,,,
MISAU.D MCH,MISAU.D.DE51,Temperature,"The woman's body temperature, used to screen for postpartum infection or fever.",Numeric,,,,,,,,,,,,,,,,,,,,,,,,,,,,,,,,,,,,,,,
MISAU.D MCH,MISAU.D.DE52,Pulse Rate,"Heart rate in beats per minute. Tachycardia may indicate infection, anaemia, or haemorrhage.",Numeric,,,,,,,,,,,,,,,,,,,,,,,,,,,,,,,,,,,,,,,
MISAU.D MCH,MISAU.D.DE53,Respiratory Rate,Number of breaths per minute; elevated values may indicate respiratory infection or compromise.,Numeric,,,,,,,,,,,,,,,,,,,,,,,,,,,,,,,,,,,,,,,
MISAU.D MCH,MISAU.D.DE54,Weight (kg),"The woman's measured body weight, used to assess nutritional status and calculate BMI.",Numeric,,,,,,,,,,,,,,,,,,,,,,,,,,,,,,,,,,,,,,,
MISAU.D MCH,MISAU.D.DE55,Height (m),"The woman's measured standing height, used together with weight to calculate BMI.",Numeric,,,,,,,,,,,,,,,,,,,,,,,,,,,,,,,,,,,,,,,
MISAU.D MCH,MISAU.D.DE56,BMI,Body Mass Index — weight divided by height squared. Auto-calculated from weight and height to classify nutritional status.,Numeric,,,,,,,,,,,,,,,,,,,,,,,,,,,,,,,,,,,,,,,
MISAU.D MCH,MISAU.D.DE57,MUAC (Mid-Upper Arm Circumference),"Arm circumference measured at the midpoint between shoulder and elbow, used to classify acute malnutrition.",Numeric,,,,,,,,,,,,,,,,,,,,,,,,,,,,,,,,,,,,,,,
MISAU.D MCH,MISAU.D.DE58,Nutritional Status,Auto-classified malnutrition indicator derived from MUAC: .,coding,DAG (severe) if <21 cm; DAM (moderate) if 21–<23 cm; normal if ≥23 cm,,,,,,,,,,,,,,,,,,,,,,,,,,,,,,,,,,,,,,
MISAU.D MCH,MISAU.D.DE59,General State,"Clinician's overall narrative assessment of the woman's appearance, consciousness, and distress level.",string,,,,,,,,,,,,,,,,,,,,,,,,,,,,,,,,,,,,,,,
MISAU.D MCH,MISAU.D.DE60,Level of Consciousness,"Standardised assessment of the woman's alertness and responsiveness (e.g., AVPU or GCS scale).",string,,,,,,,,,,,,,,,,,,,,,,,,,,,,,,,,,,,,,,,
MISAU.D MCH,MISAU.D.DE61,Mucous Membrane Colour,Assessment of mucosa to screen for anaemia; pale mucosa triggers an automatic system alert to request haemoglobin test.,coding,"Blushing
Faded
",,,,,,,,,,,,,,,,,,,,,,,,,,,,,,,,,,,,,,
MISAU.D MCH,MISAU.D.DE62,Breast – Skin with Alteration?,"Records whether there are any skin changes on the breast such as redness, cracking, or lesions that may indicate mastitis or other conditions.",boolean,,,,,,,,,,,,,,,,,,,,,,,,,,,,,,,,,,,,,,,
MISAU.D MCH,MISAU.D.DE63,Breast – Mass Present?,"Documents the presence of a palpable mass in the breast, which may require further investigation.",boolean,,,,,,,,,,,,,,,,,,,,,,,,,,,,,,,,,,,,,,,
MISAU.D MCH,MISAU.D.DE64,Breasts Very Tense?,"Assesses breast engorgement, which can cause pain and interfere with breastfeeding.",boolean,,,,,,,,,,,,,,,,,,,,,,,,,,,,,,,,,,,,,,,
MISAU.D MCH,MISAU.D.DE65,Able to Breastfeed? (Clinical Assessment),Clinical determination of whether the woman is physically able to breastfeed based on examination findings.,boolean,,,,,,,,,,,,,,,,,,,,,,,,,,,,,,,,,,,,,,,
MISAU.D MCH,MISAU.D.DE66,Colostrum Still Present?,"Records whether colostrum is still being produced, relevant in early postpartum period feeding assessment.",boolean,,,,,,,,,,,,,,,,,,,,,,,,,,,,,,,,,,,,,,,
MISAU.D MCH,MISAU.D.DE67,Colostrum Colour,Descriptive note of the colostrum colour if still present; abnormal colours may indicate infection.,string,,,,,,,,,,,,,,,,,,,,,,,,,,,,,,,,,,,,,,,
MISAU.D MCH,MISAU.D.DE68,Abdominal Palpation Finding,Clinical assessment of the abdomen to evaluate uterine involution and detect abnormal masses or tenderness.,coding,"Normal Uterus
Enlarged or painful uterus
Soft abdomen, without abnormal masses.
",,,,,,,,,,,,,,,,,,,,,,,,,,,,,,,,,,,,,,
MISAU.D MCH,MISAU.D.DE69,Abdominal Scar Healing,"For women who had a caesarean section, assesses the surgical wound healing status.",coding,"Good Healing
Infected
",,,,,,,,,,,,,,,,,,,,,,,,,,,,,,,,,,,,,,
MISAU.D MCH,MISAU.D.DE70,Lochia Character,"Assessment of postpartum vaginal discharge (lochia) for amount, odour, and character to detect infection or haemorrhage.",coding,"Normal, Abnormal
With Smell
Heavy bleeding
Bleeding with clots
",,,,,,,,,,,,,,,,,,,,,,,,,,,,,,,,,,,,,,
MISAU.D MCH,MISAU.D.DE71,Lochia – Other Description,"Free text description when lochia is characterised as 'Other', allowing the clinician to specify unusual findings.",string,,,,,,,,,,,,,,,,,,,,,,,,,,,,,,,,,,,,,,,
MISAU.D MCH,MISAU.D.DE72,Gynaecological / Perineal Condition,"Open descriptive field for the clinician to document findings from the perineal and gynaecological examination, including episiotomy healing.",coding,,,,,,,,,,,,,,,,,,,,,,,,,,,,,,,,,,,,,,,
MISAU.D MCH,MISAU.D.DE73,Extremities Finding,"Assessment of the lower and upper limbs for oedema, varicose veins, ulcers, or other abnormalities.",coding,"Normal, With edema
Presence of Ulcers
Varicose veins
Tumors
",,,,,,,,,,,,,,,,,,,,,,,,,,,,,,,,,,,,,,
MISAU.D MCH,MISAU.D.DE74,Extremities – Other Description,Free text for extremity findings not covered by the standard options.,string,,,,,,,,,,,,,,,,,,,,,,,,,,,,,,,,,,,,,,,
POSTNATAL CONSULTATION,,,,,,,,,,,,,,,,,,,,,,,,,,,,,,,,,,,,,,,,,,,
MISAU.D MCH,MISAU.D.DE75,Postpartum Diagnosis – Standardised,"ICD-10 coded diagnosis selected from a predefined list of common postpartum conditions including anaemia, mastitis, vaginitis, sepsis, and fistula.",coding,,,,,,,,,,,,,,,,,,,,,,,,,,,,,,,,,,,,,,,
MISAU.D MCH,MISAU.D.DE76,Other Postpartum Pathologies,"Searchable field covering the full ICD-10 diagnosis list, for conditions not included in the predefined postpartum options.",coding,,,,,,,,,,,,,,,,,,,,,,,,,,,,,,,,,,,,,,,
MISAU.D MCH,MISAU.D.DE78,Received Nutritional Supplements?,"Records whether the woman was given nutritional supplements (e.g., Plumpy'Sup, CSB+) during this consultation.",boolean,,,,,,,,,,,,,,,,,,,,,,,,,,,,,,,,,,,,,,,
MISAU.D MCH,MISAU.D.DE79,Currently Breastfeeding?,"Documents whether the woman is breastfeeding her newborn, a key indicator for both maternal and infant nutrition.",boolean,,,,,,,,,,,,,,,,,,,,,,,,,,,,,,,,,,,,,,,
MISAU.D MCH,MISAU.D.DE80,Breastfeeding Type,"Classifies the type of feeding the newborn is receiving, with exclusive breastfeeding being the recommended standard.",coding,"Exclusive Breastfeeding
Mixed Breastfeeding
Artificial Feeding
",,,,,,,,,,,,,,,,,,,,,,,,,,,,,,,,,,,,,,
MISAU.D MCH,MISAU.D.DE81,Transferred with Acute Malnutrition?,Records whether the woman was referred to a therapeutic feeding programme due to severe or moderate acute malnutrition.,boolean,,,,,,,,,,,,,,,,,,,,,,,,,,,,,,,,,,,,,,,
MISAU.D MCH,MISAU.D.DE82,Symptoms Suggestive of Malaria?,Initial screening question for malaria; a Yes response enables the malaria test request and diagnosis fields.,boolean,,,,,,,,,,,,,,,,,,,,,,,,,,,,,,,,,,,,,,,
MISAU.D MCH,MISAU.D.DE83,Malaria Rapid Test (RDT) Requested,Records whether a malaria rapid diagnostic test was ordered during the consultation.,boolean,,,,,,,,,,,,,,,,,,,,,,,,,,,,,,,,,,,,,,,
MISAU.D MCH,MISAU.D.DE84,Malaria Diagnosis (ICD-10),"ICD-10 coded malaria diagnosis, enabled only when the malaria RDT result is positive.",coding,,,,,,,,,,,,,,,,,,,,,,,,,,,,,,,,,,,,,,,
MISAU.D MCH,MISAU.D.DE85,Syphilis Status at Admission,Auto-populated entry syphilis status based on STI tracking records in the system. Editable on first visit only.,coding,"Unknown
Negative for less than 3 months.
Positive
",,,,,,,,,,,,,,,,,,,,,,,,,,,,,,,,,,,,,,
MISAU.D MCH,MISAU.D.DE86,Syphilis Screening Performed?,Documents whether STI syphilis disease tracking / screening occurred during this consultation.,coding,,,,,,,,,,,,,,,,,,,,,,,,,,,,,,,,,,,,,,,
MISAU.D MCH,MISAU.D.DE87,Syphilis Rapid Test Requested,Records whether a syphilis rapid test was ordered during the consultation.,coding,,,,,,,,,,,,,,,,,,,,,,,,,,,,,,,,,,,,,,,
MISAU.D MCH,MISAU.D.DE88,Syphilis Diagnosis (ICD-10),"ICD-10 coded syphilis diagnosis, recorded when the test is positive.",coding,,,,,,,,,,,,,,,,,,,,,,,,,,,,,,,,,,,,,,,
MISAU.D MCH,MISAU.D.DE89,Partner Received Syphilis Treatment?,"Records whether the woman's partner was treated for syphilis, important for preventing re-infection.",coding,,,,,,,,,,,,,,,,,,,,,,,,,,,,,,,,,,,,,,,
MISAU.D MCH,MISAU.D.DE90,HIV Sero-status at Admission,Auto-populated HIV entry status from HIV screening records in the system. Editable on first visit only.,coding,,,,,,,,,,,,,,,,,,,,,,,,,,,,,,,,,,,,,,,
MISAU.D MCH,MISAU.D.DE91,On ART at Entry (Another Facility)?,Captures whether the woman was already receiving antiretroviral therapy at another health unit before this consultation.,coding,,,,,,,,,,,,,,,,,,,,,,,,,,,,,,,,,,,,,,,
MISAU.D MCH,MISAU.D.DE92,On ART at This Facility?,Auto-populated from the woman's service registration record indicating current ART enrolment at this health unit.,coding,,,,,,,,,,,,,,,,,,,,,,,,,,,,,,,,,,,,,,,
MISAU.D MCH,MISAU.D.DE93,HIV Screening Performed?,Documents whether HIV testing / screening occurred during this visit. Shown only if not already on ART.,coding,,,,,,,,,,,,,,,,,,,,,,,,,,,,,,,,,,,,,,,
MISAU.D MCH,MISAU.D.DE94,HIV Screening Result,Result of the HIV rapid test performed at this consultation. A positive result triggers an alert to enrol in ART.,coding,,,,,,,,,,,,,,,,,,,,,,,,,,,,,,,,,,,,,,,
MISAU.D MCH,MISAU.D.DE95,Partner HIV Test Result (at CPN),"Records the HIV test result of the woman's partner, conducted during the consultation if partner is present.",coding,,,,,,,,,,,,,,,,,,,,,,,,,,,,,,,,,,,,,,,
MISAU.D MCH,MISAU.D.DE96,Interested in Starting PrEP?,Documents whether the HIV-negative woman expressed interest in pre-exposure prophylaxis for HIV prevention.,coding,,,,,,,,,,,,,,,,,,,,,,,,,,,,,,,,,,,,,,,
MISAU.D MCH,MISAU.D.DE97,TB Screening Performed?,"Documents whether tuberculosis screening was carried out during this consultation, using the standardised disease screening tool.",boolean,,,,,,,,,,,,,,,,,,,,,,,,,,,,,,,,,,,,,,,
MISAU.D MCH,MISAU.D.DE98,TB Diagnosis (ICD-10),ICD-10 coded tuberculosis diagnosis. A positive diagnosis triggers an alert to refer the woman to the TB service.,coding,,,,,,,,,,,,,,,,,,,,,,,,,,,,,,,,,,,,,,,
MISAU.D MCH,MISAU.D.DE99,Family Planning Counselling Performed?,Records whether the clinician provided family planning counselling during this consultation.,boolean,,,,,,,,,,,,,,,,,,,,,,,,,,,,,,,,,,,,,,,
MISAU.D MCH,MISAU.D.DE100,Family Planning Method Initiated,"Documents the contraceptive method chosen and initiated during the consultation, or None if the woman declined.",coding,"None
Condom
Oral contraceptive
Injectable
Implant
Intrauterine Device
Tubal ligation
Vasectomy (VAS)
Lactational Amenorrhea Method
",,,,,,,,,,,,,,,,,,,,,,,,,,,,,,,,,,,,,,
MISAU.D MCH,MISAU.D.DE101,FP Method – Other Description,Free text description for family planning methods not covered by the standard options.,string,,,,,,,,,,,,,,,,,,,,,,,,,,,,,,,,,,,,,,,
MISAU.D MCH,MISAU.D.DE102,Laboratory Test Requested,"Any laboratory investigation ordered by the clinician during the consultation, beyond the disease-specific tests captured in screening sections.",coding,Laboratory tests,,,,,,,,,,,,,,,,,,,,,,,,,,,,,,,,,,,,,,
MISAU.D MCH,MISAU.D.DE103,Treatment Performed,Free text narrative of any clinical treatment administered or carried out during this consultation.,string,,,,,,,,,,,,,,,,,,,,,,,,,,,,,,,,,,,,,,,
MISAU.D MCH,MISAU.D.DE104,Observations / Conduct Plan,"Clinical notes and management plan decided at the end of the consultation, including referrals or follow-up instructions.",string,,,,,,,,,,,,,,,,,,,,,,,,,,,,,,,,,,,,,,,
MISAU.D MCH,MISAU.D.DE105,Postpartum Woman Transferred via Fistula?,Records whether the woman was referred specifically due to a vesicovaginal or obstetric fistula.,boolean,,,,,,,,,,,,,,,,,,,,,,,,,,,,,,,,,,,,,,,
MISAU.D MCH,MISAU.D.DE106,Prescription,Indicates the prescriptions given,coding,,,,,,,,,,,,,,,,,,,,,,,,,,,,,,,,,,,,,,,
MISAU.D MCH,MISAU.D.DE106,Artemether-Lumefantrine (Prescribed),Oral antimalarial combination therapy; first-line treatment for uncomplicated malaria in postpartum women.,codes,,,,,,,,,,,,,,,,,,,,,,,,,,,,,,,,,,,,,,,
MISAU.D MCH,MISAU.D.DE107,Artesunate-Amodiaquine (Prescribed),"Alternative oral antimalarial combination, used when Artemether-Lumefantrine is not available or suitable.",codes,,,,,,,,,,,,,,,,,,,,,,,,,,,,,,,,,,,,,,,
MISAU.D MCH,MISAU.D.DE108,Quinine Oral (Prescribed),Oral quinine for malaria treatment in specific clinical scenarios.,codes,,,,,,,,,,,,,,,,,,,,,,,,,,,,,,,,,,,,,,,
MISAU.D MCH,MISAU.D.DE109,Artesunate Parenteral (Prescribed),Injectable artesunate for severe malaria requiring parenteral treatment.,codes,,,,,,,,,,,,,,,,,,,,,,,,,,,,,,,,,,,,,,,
MISAU.D MCH,MISAU.D.DE110,Quinine Parenteral (Prescribed),Injectable quinine for severe malaria when parenteral artesunate is unavailable.,codes,,,,,,,,,,,,,,,,,,,,,,,,,,,,,,,,,,,,,,,
MISAU.D MCH,MISAU.D.DE111,Benzathine Penicillin (Prescribed),Long-acting penicillin used to treat syphilis; standard postpartum STI management.,codes,,,,,,,,,,,,,,,,,,,,,,,,,,,,,,,,,,,,,,,
MISAU.D MCH,MISAU.D.DE112,Doxycycline (Prescribed),"Antibiotic used for STI treatment, particularly chlamydia and syphilis combination therapy.",codes,,,,,,,,,,,,,,,,,,,,,,,,,,,,,,,,,,,,,,,
MISAU.D MCH,MISAU.D.DE113,Erythromycin (Prescribed),Antibiotic alternative for penicillin-allergic patients with syphilis or other bacterial infections.,codes,,,,,,,,,,,,,,,,,,,,,,,,,,,,,,,,,,,,,,,
MISAU.D MCH,MISAU.D.DE114,Ferrous Salt + Folic Acid (Prescribed),Iron and folate supplementation for postpartum anaemia prevention and treatment.,codes,,,,,,,,,,,,,,,,,,,,,,,,,,,,,,,,,,,,,,,
MISAU.D MCH,MISAU.D.DE115,Paracetamol (Prescribed),Analgesic and antipyretic for postpartum pain and fever management.,codes,,,,,,,,,,,,,,,,,,,,,,,,,,,,,,,,,,,,,,,
MISAU.D MCH,MISAU.D.DE116,Ibuprofen (Prescribed),"NSAID analgesic for postpartum pain, particularly uterine cramping.",codes,,,,,,,,,,,,,,,,,,,,,,,,,,,,,,,,,,,,,,,
MISAU.D MCH,MISAU.D.DE117,Diclofenac (Prescribed),NSAID used for moderate postpartum pain management.,codes,,,,,,,,,,,,,,,,,,,,,,,,,,,,,,,,,,,,,,,
MISAU.D MCH,MISAU.D.DE118,Indomethacin (Prescribed),"NSAID analgesic used for postpartum pain, including uterine involution pain.",codes,,,,,,,,,,,,,,,,,,,,,,,,,,,,,,,,,,,,,,,
MISAU.D MCH,MISAU.D.DE119,Plumpy'Sup / ASPU (Prescribed),Ready-to-use supplementary food for moderate acute malnutrition management.,codes,,,,,,,,,,,,,,,,,,,,,,,,,,,,,,,,,,,,,,,
MISAU.D MCH,MISAU.D.DE120,Corn-Soybean Mixture / CSB+ (Prescribed),Fortified blended food supplement used for nutritional rehabilitation.,codes,,,,,,,,,,,,,,,,,,,,,,,,,,,,,,,,,,,,,,,
MISAU.D MCH,MISAU.D.DE121,Vitamin A / Axeroftol (Prescribed),High-dose Vitamin A supplementation given postpartum to improve maternal immunity and breast milk quality.,codes,,,,,,,,,,,,,,,,,,,,,,,,,,,,,,,,,,,,,,,
MISAU.D MCH,MISAU.D.DE140,Respiratory Rate (Newborn),The newborn's breathing rate per minute. Normal neonatal range is 30–60 breaths/min; outside this may indicate distress.,Numeric,,,,,,,,,,,,,,,,,,,,,,,,,,,,,,,,,,,,,,,
MISAU.D MCH,MISAU.D.DE141,Oxygen Saturation (Newborn),The newborn's peripheral oxygen saturation measured by pulse oximetry; low values indicate respiratory or cardiac compromise.,Numeric,,,,,,,,,,,,,,,,,,,,,,,,,,,,,,,,,,,,,,,
MISAU.D MCH,MISAU.D.DE142,Weight (Newborn),"The newborn's measured weight, essential for growth monitoring, dosing calculations, and malnutrition classification.",Numeric,,,,,,,,,,,,,,,,,,,,,,,,,,,,,,,,,,,,,,,
MISAU.D MCH,MISAU.D.DE143,Length (Newborn),"The newborn's measured crown-heel length, used for growth-for-age assessment.",Numeric,,,,,,,,,,,,,,,,,,,,,,,,,,,,,,,,,,,,,,,
MISAU.D MCH,MISAU.D.DE144,Head Circumference (Newborn),"The occipito-frontal circumference of the newborn's head, used to screen for microcephaly or macrocephaly.",Numeric,,,,,,,,,,,,,,,,,,,,,,,,,,,,,,,,,,,,,,,
MISAU.D MCH,MISAU.D.DE145,MUAC (Newborn),"Mid-upper arm circumference for the newborn, used to assess acute malnutrition when weight is unavailable or unreliable.",Numeric,,,,,,,,,,,,,,,,,,,,,,,,,,,,,,,,,,,,,,,
MISAU.D MCH,MISAU.D.DE146,General Condition (Newborn),Open descriptive field for the clinician's overall impression of the newborn's appearance and clinical status.,Numeric,,,,,,,,,,,,,,,,,,,,,,,,,,,,,,,,,,,,,,,
MISAU.D MCH,MISAU.D.DE147,Newborn Status,"Clinician classification of whether the newborn appears clinically normal or sick/pathological, guiding further assessment and management.",coding,"Normal
Sick / Pathological
",,,,,,,,,,,,,,,,,,,,,,,,,,,,,,,,,,,,,,
MISAU.D MCH,MISAU.D.DE148,Dyspnea Description,"If the newborn is showing signs of breathing difficulty, this field captures the clinical description (e.g., grunting, nasal flaring, chest indrawing).",string,,,,,,,,,,,,,,,,,,,,,,,,,,,,,,,,,,,,,,,
MISAU.D MCH,MISAU.D.DE149,Skin Coloration,"Descriptive assessment of the newborn's skin colour (e.g., pink, cyanosed, mottled), used to detect perfusion and oxygenation problems.",string,,,,,,,,,,,,,,,,,,,,,,,,,,,,,,,,,,,,,,,
MISAU.D MCH,MISAU.D.DE150,Jaundice Present?,"Records whether the newborn shows visible yellowing of skin or sclera, which may indicate neonatal jaundice requiring phototherapy or further investigation.",boolean,,,,,,,,,,,,,,,,,,,,,,,,,,,,,,,,,,,,,,,
MISAU.D MCH,MISAU.D.DE151,Sucking Well?,"Documents whether the newborn is feeding effectively at the breast or bottle, a key indicator of neurological status and feeding viability.",boolean,,,,,,,,,,,,,,,,,,,,,,,,,,,,,,,,,,,,,,,
MISAU.D MCH,MISAU.D.DE152,Umbilical Stump Status,"Descriptive assessment of the umbilical cord stump — noting dryness, redness, discharge, or signs of omphalitis.",string,,,,,,,,,,,,,,,,,,,,,,,,,,,,,,,,,,,,,,,
MISAU.D MCH,MISAU.D.DE153,Irritability?,"Records whether the newborn shows excessive irritability or inconsolable crying, which may indicate neurological or infectious pathology.",boolean,,,,,,,,,,,,,,,,,,,,,,,,,,,,,,,,,,,,,,,
MISAU.D MCH,MISAU.D.DE154,Anterior Fontanelle Status,Assessment of the anterior fontanelle; a bulging or tense fontanelle may indicate raised intracranial pressure.,coding,"Domed
Tense
",,,,,,,,,,,,,,,,,,,,,,,,,,,,,,,,,,,,,,
MISAU.D MCH,MISAU.D.DE155,Problems with Bowel Movements / Urination?,"Screens for elimination problems such as failure to pass stool or urine, which may indicate obstruction or renal problems.",boolean,,,,,,,,,,,,,,,,,,,,,,,,,,,,,,,,,,,,,,,
MISAU.D MCH,MISAU.D.DE156,Performing KMC at Home?,"Records whether kangaroo mother care (skin-to-skin care) is being practised at home, important for low-birth-weight newborn thermal regulation.",boolean,,,,,,,,,,,,,,,,,,,,,,,,,,,,,,,,,,,,,,,
MISAU.D MCH,MISAU.D.DE157,Congenital Malformations?,Documents whether the newborn has any structural congenital abnormalities detected during examination.,boolean,,,,,,,,,,,,,,,,,,,,,,,,,,,,,,,,,,,,,,,
MISAU.D MCH,MISAU.D.DE158,Congenital Malformation Description,"If malformations are present, this field captures the specific type(s) for referral and management planning.",string,,,,,,,,,,,,,,,,,,,,,,,,,,,,,,,,,,,,,,,
MISAU.D MCH,MISAU.D.DE159,Regional Examination Findings,"Structured regional physical examination of the newborn across body systems (head, chest, abdomen, skin, musculoskeletal), following the paediatric/neonatal examination protocol.",string,,,,,,,,,,,,,,,,,,,,,,,,,,,,,,,,,,,,,,,
MISAU.D MCH,MISAU.D.DE160,Neurological Examination Findings,"Standardised neonatal neurological assessment including tone, reflexes (Moro, grasp, rooting), and response to stimuli.",string,,,,,,,,,,,,,,,,,,,,,,,,,,,,,,,,,,,,,,,
MISAU.D MCH,MISAU.D.DE161,Syphilis Screening Performed (Newborn)?,"Documents whether STI syphilis screening was carried out for the newborn, triggered by maternal syphilis diagnosis or positive admission status.",boolean,,,,,,,,,,,,,,,,,,,,,,,,,,,,,,,,,,,,,,,
MISAU.D MCH,MISAU.D.DE162,Newborn with Congenital Syphilis?,"Records whether the newborn has been diagnosed or is suspected of having congenital syphilis, requiring immediate treatment.",boolean,,,,,,,,,,,,,,,,,,,,,,,,,,,,,,,,,,,,,,,
MISAU.D MCH,MISAU.D.DE163,Syphilis Rapid Test Requested (Newborn),Documents whether a syphilis rapid test was ordered for the newborn during this consultation.,boolean,,,,,,,,,,,,,,,,,,,,,,,,,,,,,,,,,,,,,,,
MISAU.D MCH,MISAU.D.DE164,"Syphilis Diagnosis (Newborn, ICD-10)","ICD-10 coded syphilis diagnosis for the newborn, auto-populated if screening result is positive.",coding,,,,,,,,,,,,,,,,,,,,,,,,,,,,,,,,,,,,,,,
MISAU.D MCH,MISAU.D.DE165,Newborn Exposed to TB?,"Records whether the newborn has been in contact with a person with confirmed or suspected tuberculosis, triggering TB screening and prophylaxis consideration.",boolean,,,,,,,,,,,,,,,,,,,,,,,,,,,,,,,,,,,,,,,
MISAU.D MCH,MISAU.D.DE166,TB Screening Performed (Newborn)?,Documents whether the standardised TB screening protocol was applied to this newborn during the consultation.,boolean,,,,,,,,,,,,,,,,,,,,,,,,,,,,,,,,,,,,,,,
MISAU.D MCH,MISAU.D.DE167,Newborn Receiving Antiretroviral Therapy (ART)?,Records whether the newborn is currently receiving antiretroviral drugs (AZT and/or NVP) for PMTCT — prevention of mother-to-child transmission of HIV.,boolean,,,,,,,,,,,,,,,,,,,,,,,,,,,,,,,,,,,,,,,
MISAU.D MCH,MISAU.D.DE168,Newborn on Isoniazid Prophylaxis (IPT)?,"Documents whether the newborn is receiving isoniazid preventive therapy due to TB exposure, following national TB/HIV guidelines.",boolean,,,,,,,,,,,,,,,,,,,,,,,,,,,,,,,,,,,,,,,
MISAU.D MCH,MISAU.D.DE169,BCG Vaccine Given?,"Records whether the Bacille Calmette-Guérin (BCG) vaccine was administered at this visit, protecting against severe TB in newborns.",boolean,,,,,,,,,,,,,,,,,,,,,,,,,,,,,,,,,,,,,,,
MISAU.D MCH,MISAU.D.DE170,BCG Vaccination Date,The date on which the BCG vaccine was administered to the newborn.,boolean,,,,,,,,,,,,,,,,,,,,,,,,,,,,,,,,,,,,,,,
MISAU.D MCH,MISAU.D.DE171,Polio (OPV) Vaccine Given?,"Records whether the oral polio vaccine was administered at this visit, part of the standard neonatal immunisation schedule.",boolean,,,,,,,,,,,,,,,,,,,,,,,,,,,,,,,,,,,,,,,
MISAU.D MCH,MISAU.D.DE172,Polio Vaccination Date,The date on which the oral polio vaccine was administered to the newborn.,boolean,,,,,,,,,,,,,,,,,,,,,,,,,,,,,,,,,,,,,,,
MISAU.D MCH,MISAU.D.DE173,Other Vaccines Given,"Any additional vaccines administered outside the pre-selected BCG and Polio options, captured via the standard vaccination registration form.",string,,,,,,,,,,,,,,,,,,,,,,,,,,,,,,,,,,,,,,,
MISAU.D MCH,MISAU.D.DE174,Laboratory Test Requested (Newborn),"Any laboratory investigation ordered for the newborn during this consultation — e.g., bilirubin, blood culture, FBC.",coding,List of laboratory test,,,,,,,,,,,,,,,,,,,,,,,,,,,,,,,,,,,,,,
MISAU.D MCH,MISAU.D.DE175,Observations / Conduct Plan,"Free text field for the clinician to document clinical observations, management decisions, referrals, and follow-up instructions for the newborn.",string,,,,,,,,,,,,,,,,,,,,,,,,,,,,,,,,,,,,,,,
MISAU.D MCH,MISAU.D.DE176,"Benzathine Penicillin (Newborn, Prescribed)",Long-acting penicillin prescribed for newborns with congenital syphilis or those born to mothers with syphilis.,codes,,,,,,,,,,,,,,,,,,,,,,,,,,,,,,,,,,,,,,,
MISAU.D MCH,MISAU.D.DE177,"Crystalline Penicillin (Newborn, Prescribed)",Short-acting penicillin used for newborns with confirmed congenital syphilis requiring intensive treatment.,codes,,,,,,,,,,,,,,,,,,,,,,,,,,,,,,,,,,,,,,,
MISAU.D MCH,MISAU.D.DE178,"Zidovudine / AZT (Newborn, Prescribed)",Antiretroviral drug given to newborns of HIV-positive mothers as part of PMTCT prophylaxis.,codes,,,,,,,,,,,,,,,,,,,,,,,,,,,,,,,,,,,,,,,
MISAU.D MCH,MISAU.D.DE179,"Nevirapine / NVP (Newborn, Prescribed)",Antiretroviral drug given to newborns of HIV-positive mothers in combination with AZT for PMTCT.,codes,,,,,,,,,,,,,,,,,,,,,,,,,,,,,,,,,,,,,,,
MISAU.D MCH,MISAU.D.DE180,"Isoniazid / INH (Newborn, Prescribed)","Antibiotic used as preventive therapy for newborns exposed to tuberculosis, following TB contact investigation.",codes,,,,,,,,,,,,,,,,,,,,,,,,,,,,,,,,,,,,,,,
MISAU.D MCH,MISAU.D.DE181,Weight (Banner),"Newborn's most recent weight, displayed persistently in the consultation banner and updated whenever new anthropometric data is recorded.",coding,,,,,,,,,,,,,,,,,,,,,,,,,,,,,,,,,,,,,,,
,,,,,,,,,,,,,,,,,,,,,,,,,,,,,,,,,,,,,,,,,,,
PEDIATRICS CONSULTATION,,,,,,,,,,,,,,,,,,,,,,,,,,,,,,,,,,,,,,,,,,,
MISAU.D MCH,MISAU.D.DE182,Patient Name,"Full name (first name + surname) of the child, automatically populated from the patient demographic record. Displayed at the top of the history form for identification context.",string,,,,,,,,,,,,,,,,,,,,,,,,,,,,,,,,,,,,,,,
MISAU.D MCH,MISAU.D.DE183,Age,"Age of the child at the time of consultation, automatically calculated from the date of birth in the patient record.",Numeric,,,,,,,,,,,,,,,,,,,,,,,,,,,,,,,,,,,,,,,
MISAU.D MCH,MISAU.D.DE184,Sex,"Biological sex of the child, automatically populated from the patient demographic record.",coding,,,,,,,,,,,,,,,,,,,,,,,,,,,,,,,,,,,,,,,
MISAU.D MCH,MISAU.D.DE185,Male,,codes,,,,,,,,,,,,,,,,,,,,,,,,,,,,,,,,,,,,,,,
MISAU.D MCH,MISAU.D.DE186,Female,,codes,,,,,,,,,,,,,,,,,,,,,,,,,,,,,,,,,,,,,,,
MISAU.D MCH,MISAU.D.DE187,Race / Ethnicity,Ethnicity or race of the child as recorded in the demographic record. Displayed for clinical context.,string,,,,,,,,,,,,,,,,,,,,,,,,,,,,,,,,,,,,,,,
MISAU.D MCH,MISAU.D.DE188,Marital Status,"Marital / legal status of the child or their guardian, as registered in the demographic record. Relevant for older adolescent patients.",string,,,,,,,,,,,,,,,,,,,,,,,,,,,,,,,,,,,,,,,
MISAU.D MCH,MISAU.D.DE189,Country / Province of Origin,The patient's country and province of birth as registered in the demographic record.,coding,,,,,,,,,,,,,,,,,,,,,,,,,,,,,,,,,,,,,,,
MISAU.D MCH,MISAU.D.DE190,Residence,Current residential address of the child as registered in the demographic record.,coding,,,,,,,,,,,,,,,,,,,,,,,,,,,,,,,,,,,,,,,
  Chief Complaint & History of Present Illness,,,,,,,,,,,,,,,,,,,,,,,,,,,,,,,,,,,,,,,,,,,
MISAU.D MCH,MISAU.D.DE191,Chief Complaint,"The primary reason for the child's attendance at this consultation, as reported by the caregiver or older child. Recorded in the caregiver's or patient's own words.",string,,,,,,,,,,,,,,,,,,,,,,,,,,,,,,,,,,,,,,,
MISAU.D MCH,MISAU.D.DE192,History of Present Illness,"A narrative description of the child's current symptoms, their onset, duration, severity, and any relevant events since the last consultation or since symptoms began.",string,,,,,,,,,,,,,,,,,,,,,,,,,,,,,,,,,,,,,,,
Past Pathological History,,,,,,,,,,,,,,,,,,,,,,,,,,,,,,,,,,,,,,,,,,,
MISAU.D MCH,MISAU.D.DE193,Chronic Diseases,"Documents whether the child has any known chronic conditions. If Yes is ticked, the clinician selects diagnoses from the ICD-10 list. Multiple entries are permitted.",boolean,,,,,,,,,,,,,,,,,,,,,,,,,,,,,,,,,,,,,,,
MISAU.D MCH,MISAU.D.DE194,Yes,,boolean,,,,,,,,,,,,,,,,,,,,,,,,,,,,,,,,,,,,,,,
MISAU.D MCH,MISAU.D.DE195,No,,boolean,,,,,,,,,,,,,,,,,,,,,,,,,,,,,,,,,,,,,,,
MISAU.D MCH,MISAU.D.DE196,Medication Allergies,"Records whether the child has any known allergies to medications. If Yes, the clinician enters the specific drug(s) from the medication list. Repeatable.",boolean,,,,,,,,,,,,,,,,,,,,,,,,,,,,,,,,,,,,,,,
MISAU.D MCH,MISAU.D.DE197,Yes,,boolean,,,,,,,,,,,,,,,,,,,,,,,,,,,,,,,,,,,,,,,
MISAU.D MCH,MISAU.D.DE198,No,,boolean,,,,,,,,,,,,,,,,,,,,,,,,,,,,,,,,,,,,,,,
MISAU.D MCH,MISAU.D.DE199,Food Allergies,"Records whether the child has any known allergies to food items. If Yes, the clinician enters the specific food allergen(s). Repeatable.",boolean,,,,,,,,,,,,,,,,,,,,,,,,,,,,,,,,,,,,,,,
MISAU.D MCH,MISAU.D.DE200,Yes,,boolean,,,,,,,,,,,,,,,,,,,,,,,,,,,,,,,,,,,,,,,
MISAU.D MCH,MISAU.D.DE201,No,,boolean,,,,,,,,,,,,,,,,,,,,,,,,,,,,,,,,,,,,,,,
MISAU.D MCH,MISAU.D.DE202,Other Allergies,"Records any other allergies not covered by medication or food categories (e.g., latex, environmental, insect stings). Repeatable.",boolean,,,,,,,,,,,,,,,,,,,,,,,,,,,,,,,,,,,,,,,
MISAU.D MCH,MISAU.D.DE203,Yes,,boolean,,,,,,,,,,,,,,,,,,,,,,,,,,,,,,,,,,,,,,,
MISAU.D MCH,MISAU.D.DE204,No,,boolean,,,,,,,,,,,,,,,,,,,,,,,,,,,,,,,,,,,,,,,
MISAU.D MCH,MISAU.D.DE205,Previous Illnesses,"Records significant past illnesses or episodes the child has experienced, coded using ICD-10 diagnoses. Repeatable — multiple past conditions can be entered.",coding,,,,,,,,,,,,,,,,,,,,,,,,,,,,,,,,,,,,,,,
MISAU.D MCH,MISAU.D.DE206,Family History,"Clinician's narrative notes on relevant medical conditions in the child's immediate family (parents, siblings, grandparents) that may have genetic or epidemiological relevance.",string,,,,,,,,,,,,,,,,,,,,,,,,,,,,,,,,,,,,,,,
 Psychosocial History,,,,boolean,,,,,,,,,,,,,,,,,,,,,,,,,,,,,,,,,,,,,,,
MISAU.D MCH,MISAU.D.DE207,Alcohol Use (Household),,boolean,,,,,,,,,,,,,,,,,,,,,,,,,,,,,,,,,,,,,,,
MISAU.D MCH,MISAU.D.DE208,Yes,,boolean,,,,,,,,,,,,,,,,,,,,,,,,,,,,,,,,,,,,,,,
MISAU.D MCH,MISAU.D.DE209,No,,boolean,,,,,,,,,,,,,,,,,,,,,,,,,,,,,,,,,,,,,,,
MISAU.D MCH,MISAU.D.DE210,Tobacco Use (Household),,boolean,,,,,,,,,,,,,,,,,,,,,,,,,,,,,,,,,,,,,,,
MISAU.D MCH,MISAU.D.DE211,Yes,,boolean,,,,,,,,,,,,,,,,,,,,,,,,,,,,,,,,,,,,,,,
MISAU.D MCH,MISAU.D.DE212,No,,boolean,,,,,,,,,,,,,,,,,,,,,,,,,,,,,,,,,,,,,,,
MISAU.D MCH,MISAU.D.DE213,Previous Travel History,,boolean,,,,,,,,,,,,,,,,,,,,,,,,,,,,,,,,,,,,,,,
MISAU.D MCH,MISAU.D.DE214,Yes,,boolean,,,,,,,,,,,,,,,,,,,,,,,,,,,,,,,,,,,,,,,
MISAU.D MCH,MISAU.D.DE215,No,,boolean,,,,,,,,,,,,,,,,,,,,,,,,,,,,,,,,,,,,,,,
    Personal Paediatric / Neonatal History  (shown only for children aged < 2 years ,,,,boolean,,,,,,,,,,,,,,,,,,,,,,,,,,,,,,,,,,,,,,,
MISAU.D MCH,MISAU.D.DE216,Paediatric / Neonatal Personal History,"Structured history of the perinatal and early neonatal period, including birth weight, gestational age, delivery type, APGAR score, neonatal complications, and feeding history. This section is only displayed when the child is under 2 years of age.",coding,,,,,,,,,,,,,,,,,,,,,,,,,,,,,,,,,,,,,,,
MISAU.D MCH,MISAU.D.DE217,birth weight,,boolean,,,,,,,,,,,,,,,,,,,,,,,,,,,,,,,,,,,,,,,
MISAU.D MCH,MISAU.D.DE218,gestational age,,boolean,,,,,,,,,,,,,,,,,,,,,,,,,,,,,,,,,,,,,,,
MISAU.D MCH,MISAU.D.DE219,Delivery type,,boolean,,,,,,,,,,,,,,,,,,,,,,,,,,,,,,,,,,,,,,,
MISAU.D MCH,MISAU.D.DE220,APGAR score,,boolean,,,,,,,,,,,,,,,,,,,,,,,,,,,,,,,,,,,,,,,
MISAU.D MCH,MISAU.D.DE221,neonatal complications,,boolean,,,,,,,,,,,,,,,,,,,,,,,,,,,,,,,,,,,,,,,
Menstrual History  shown only for female patients of menarchal age),,,,boolean,,,,,,,,,,,,,,,,,,,,,,,,,,,,,,,,,,,,,,,
MISAU.D MCH,MISAU.D.DE222,Menarche,"Records whether menarche (first menstrual period) has occurred. If Yes, the age at menarche is captured.",boolean,,,,,,,,,,,,,,,,,,,,,,,,,,,,,,,,,,,,,,,
MISAU.D MCH,MISAU.D.DE223,Yes,,boolean,,,,,,,,,,,,,,,,,,,,,,,,,,,,,,,,,,,,,,,
MISAU.D MCH,MISAU.D.DE224,No,,boolean,,,,,,,,,,,,,,,,,,,,,,,,,,,,,,,,,,,,,,,
MISAU.D MCH,MISAU.D.DE225,Menopause,"Records whether menopause has occurred (relevant for older adolescent patients). If Yes, the age at menopause is captured.",boolean,,,,,,,,,,,,,,,,,,,,,,,,,,,,,,,,,,,,,,,
MISAU.D MCH,MISAU.D.DE226,Yes,,boolean,,,,,,,,,,,,,,,,,,,,,,,,,,,,,,,,,,,,,,,
MISAU.D MCH,MISAU.D.DE227,No,,boolean,,,,,,,,,,,,,,,,,,,,,,,,,,,,,,,,,,,,,,,
MISAU.D MCH,MISAU.D.DE228,Date of Last Menstruation,"The date of the most recent menstrual period, used to assess cycle regularity and pregnancy status.",boolean,,,,,,,,,,,,,,,,,,,,,,,,,,,,,,,,,,,,,,,
MISAU.D MCH,MISAU.D.DE229,Date of Penultimate Menstruation,"The date of the second-to-last menstrual period, used together with the last menstruation date to calculate cycle length.",boolean,,,,,,,,,,,,,,,,,,,,,,,,,,,,,,,,,,,,,,,
MISAU.D MCH,MISAU.D.DE230,Cycle Periodicity,"The typical number of days between the start of consecutive menstrual cycles, indicating regularity.",boolean,,,,,,,,,,,,,,,,,,,,,,,,,,,,,,,,,,,,,,,
MISAU.D MCH,MISAU.D.DE231,Menstrual Flow Characteristics,"Descriptive notes on the quality and character of the menstrual flow — including volume, colour, clots, pain, and duration.",boolean,,,,,,,,,,,,,,,,,,,,,,,,,,,,,,,,,,,,,,,
 Review of Systems,,,,boolean,,,,,,,,,,,,,,,,,,,,,,,,,,,,,,,,,,,,,,,
MISAU.D MCH,MISAU.D.DE232,General Complaints,"Narrative summary of non-specific constitutional symptoms such as fatigue, weight loss, fever, night sweats, or general malaise.",string,,,,,,,,,,,,,,,,,,,,,,,,,,,,,,,,,,,,,,,
MISAU.D MCH,MISAU.D.DE233,Respiratory & Cardiovascular,"System review covering respiratory symptoms (cough, wheeze, dyspnoea) and cardiovascular symptoms (palpitations, oedema, chest pain).",string,,,,,,,,,,,,,,,,,,,,,,,,,,,,,,,,,,,,,,,
MISAU.D MCH,MISAU.D.DE234,Gastrointestinal,"System review covering GI symptoms including nausea, vomiting, diarrhoea, abdominal pain, and changes in appetite or bowel habit.",string,,,,,,,,,,,,,,,,,,,,,,,,,,,,,,,,,,,,,,,
MISAU.D MCH,MISAU.D.DE235,Genitourinary,"System review covering urinary symptoms (frequency, dysuria, haematuria) and genital complaints relevant to the child's age.",string,,,,,,,,,,,,,,,,,,,,,,,,,,,,,,,,,,,,,,,
MISAU.D MCH,MISAU.D.DE236,Nervous System,"System review covering neurological symptoms such as headache, seizures, changes in consciousness, weakness, or sensory disturbances.",string,,,,,,,,,,,,,,,,,,,,,,,,,,,,,,,,,,,,,,,
MISAU.D MCH,MISAU.D.DE237,Haemolymphopoietic System,"System review covering haematological and lymphatic symptoms including pallor, bruising, lymphadenopathy, and bleeding tendencies.",string,,,,,,,,,,,,,,,,,,,,,,,,,,,,,,,,,,,,,,,
MISAU.D MCH,MISAU.D.DE238,Osteo-myo-articular,"System review covering musculoskeletal complaints including joint pain, swelling, fractures, limb deformity, and muscle weakness.",string,,,,,,,,,,,,,,,,,,,,,,,,,,,,,,,,,,,,,,,
MISAU.D MCH,MISAU.D.DE239,Endocrine,"System review covering endocrine symptoms such as polyuria, polydipsia, growth abnormalities, and thyroid-related complaints.",string,,,,,,,,,,,,,,,,,,,,,,,,,,,,,,,,,,,,,,,
  GENERAL EXAMINATION  ALL PAEDIATRIC SERVICES),,,,boolean,,,,,,,,,,,,,,,,,,,,,,,,,,,,,,,,,,,,,,,
 General Physical Examination,,,,boolean,,,,,,,,,,,,,,,,,,,,,,,,,,,,,,,,,,,,,,,
MISAU.D MCH,MISAU.D.DE240,General Condition,"Clinician's overall narrative assessment of the child's appearance, alertness, nutritional state, and degree of distress. Required field.",string,,,,,,,,,,,,,,,,,,,,,,,,,,,,,,,,,,,,,,,
MISAU.D MCH,MISAU.D.DE241,Warning / Danger Signs,Identifies the presence of WHO Integrated Management of Childhood Illness (IMCI) danger signs. Multiple selections are permitted. The presence of any danger sign requires urgent clinical action.,coding,,,,,,,,,,,,,,,,,,,,,,,,,,,,,,,,,,,,,,,
MISAU.D MCH,MISAU.D.DE242,Unable to drink or breastfeed,,codes,,,,,,,,,,,,,,,,,,,,,,,,,,,,,,,,,,,,,,,
MISAU.D MCH,MISAU.D.DE243,Vomits everything eaten,,codes,,,,,,,,,,,,,,,,,,,,,,,,,,,,,,,,,,,,,,,
MISAU.D MCH,MISAU.D.DE244,Seizures (currently or history),,codes,,,,,,,,,,,,,,,,,,,,,,,,,,,,,,,,,,,,,,,
MISAU.D MCH,MISAU.D.DE245,Lethargic,,codes,,,,,,,,,,,,,,,,,,,,,,,,,,,,,,,,,,,,,,,
MISAU.D MCH,MISAU.D.DE246,Unconscious,,codes,,,,,,,,,,,,,,,,,,,,,,,,,,,,,,,,,,,,,,,
 Level of Consciousness — Glasgow Coma Scale (GCS),,,,coding,,,,,,,,,,,,,,,,,,,,,,,,,,,,,,,,,,,,,,,
MISAU.D MCH,MISAU.D.DE247,GCS Total Score,"The total Glasgow Coma Scale score, automatically summed from the three component subscores below. Range: 3–15. Scores ≤ 8 indicate severe impairment.",Numeric,,,,,,,,,,,,,,,,,,,,,,,,,,,,,,,,,,,,,,,
MISAU.D MCH,MISAU.D.DE248,GCS – Eye Opening Response,Assesses the child's eye-opening response to stimuli as part of the Glasgow Coma Scale.,coding,,,,,,,,,,,,,,,,,,,,,,,,,,,,,,,,,,,,,,,
MISAU.D MCH,MISAU.D.DE249,        ◦  4 – Spontaneous eye opening,,codes,,,,,,,,,,,,,,,,,,,,,,,,,,,,,,,,,,,,,,,
MISAU.D MCH,MISAU.D.DE250,        ◦  3 – Eye opening to sound / voice,,codes,,,,,,,,,,,,,,,,,,,,,,,,,,,,,,,,,,,,,,,
MISAU.D MCH,MISAU.D.DE251,        ◦  2 – Eye opening to pressure / pain,,codes,,,,,,,,,,,,,,,,,,,,,,,,,,,,,,,,,,,,,,,
MISAU.D MCH,MISAU.D.DE252,        ◦  1 – No eye opening,,codes,,,,,,,,,,,,,,,,,,,,,,,,,,,,,,,,,,,,,,,
MISAU.D MCH,MISAU.D.DE253,GCS – Verbal Response,Assesses the child's best verbal response to stimuli as part of the Glasgow Coma Scale.,coding,,,,,,,,,,,,,,,,,,,,,,,,,,,,,,,,,,,,,,,
MISAU.D MCH,MISAU.D.DE254,        ◦  5 – Oriented,,codes,,,,,,,,,,,,,,,,,,,,,,,,,,,,,,,,,,,,,,,
MISAU.D MCH,MISAU.D.DE255,        ◦  4 – Confused,,codes,,,,,,,,,,,,,,,,,,,,,,,,,,,,,,,,,,,,,,,
MISAU.D MCH,MISAU.D.DE256,        ◦  3 – Verbalises isolated words,,codes,,,,,,,,,,,,,,,,,,,,,,,,,,,,,,,,,,,,,,,
MISAU.D MCH,MISAU.D.DE257,        ◦  2 – Verbalises sounds only,,codes,,,,,,,,,,,,,,,,,,,,,,,,,,,,,,,,,,,,,,,
MISAU.D MCH,MISAU.D.DE258,        ◦  1 – No verbal response,,codes,,,,,,,,,,,,,,,,,,,,,,,,,,,,,,,,,,,,,,,
MISAU.D MCH,MISAU.D.DE259,GCS – Motor Response,Assesses the child's best motor response to stimuli as part of the Glasgow Coma Scale.,coding,,,,,,,,,,,,,,,,,,,,,,,,,,,,,,,,,,,,,,,
MISAU.D MCH,MISAU.D.DE260,        ◦  6 – Obeys commands,,codes,,,,,,,,,,,,,,,,,,,,,,,,,,,,,,,,,,,,,,,
MISAU.D MCH,MISAU.D.DE261,        ◦  5 – Localises stimulus,,codes,,,,,,,,,,,,,,,,,,,,,,,,,,,,,,,,,,,,,,,
MISAU.D MCH,MISAU.D.DE262,        ◦  4 – Normal flexion,,codes,,,,,,,,,,,,,,,,,,,,,,,,,,,,,,,,,,,,,,,
MISAU.D MCH,MISAU.D.DE263,        ◦  3 – Abnormal flexion,,codes,,,,,,,,,,,,,,,,,,,,,,,,,,,,,,,,,,,,,,,
MISAU.D MCH,MISAU.D.DE264,        ◦  2 – Abnormal extension,,codes,,,,,,,,,,,,,,,,,,,,,,,,,,,,,,,,,,,,,,,
MISAU.D MCH,MISAU.D.DE265,        ◦  1 – No motor response,,codes,,,,,,,,,,,,,,,,,,,,,,,,,,,,,,,,,,,,,,,
General State & Biotype,,,,codes,,,,,,,,,,,,,,,,,,,,,,,,,,,,,,,,,,,,,,,
MISAU.D MCH,MISAU.D.DE266,General State,"Clinician's overall assessment of the child's clinical condition at examination, selecting from standardised categories.",coding,,,,,,,,,,,,,,,,,,,,,,,,,,,,,,,,,,,,,,,
MISAU.D MCH,MISAU.D.DE267,        ◦  Good,,codes,,,,,,,,,,,,,,,,,,,,,,,,,,,,,,,,,,,,,,,
MISAU.D MCH,MISAU.D.DE268,        ◦  Satisfactory,,codes,,,,,,,,,,,,,,,,,,,,,,,,,,,,,,,,,,,,,,,
MISAU.D MCH,MISAU.D.DE269,        ◦  Poor,,codes,,,,,,,,,,,,,,,,,,,,,,,,,,,,,,,,,,,,,,,
MISAU.D MCH,MISAU.D.DE270,        ◦  Serious / Grave,,codes,,,,,,,,,,,,,,,,,,,,,,,,,,,,,,,,,,,,,,,
MISAU.D MCH,MISAU.D.DE271,Biotype,The somatotype / body composition classification of the child based on physical observation.,coding,,,,,,,,,,,,,,,,,,,,,,,,,,,,,,,,,,,,,,,
MISAU.D MCH,MISAU.D.DE272,"        ◦  Ectomorph (lean, linear build)",,codes,,,,,,,,,,,,,,,,,,,,,,,,,,,,,,,,,,,,,,,
MISAU.D MCH,MISAU.D.DE273,"        ◦  Mesomorph (muscular, athletic build)",,codes,,,,,,,,,,,,,,,,,,,,,,,,,,,,,,,,,,,,,,,
MISAU.D MCH,MISAU.D.DE274,"        ◦  Endomorph (rounded, higher adiposity)",,codes,,,,,,,,,,,,,,,,,,,,,,,,,,,,,,,,,,,,,,,
 Anthropometric Measurements,,,,codes,,,,,,,,,,,,,,,,,,,,,,,,,,,,,,,,,,,,,,,
MISAU.D MCH,MISAU.D.DE275,Weight,"The child's measured body weight in kilograms. Used for growth monitoring, drug dosing, and malnutrition classification.",Numeric,,,,,,,,,,,,,,,,,,,,,,,,,,,,,,,,,,,,,,,
MISAU.D MCH,MISAU.D.DE276,Height / Length,The child's measured standing height (>2 years) or recumbent length (≤2 years) in metres. Used for growth monitoring and BMI calculation.,Numeric,,,,,,,,,,,,,,,,,,,,,,,,,,,,,,,,,,,,,,,
MISAU.D MCH,MISAU.D.DE277,BMI (Body Mass Index),"Body Mass Index, automatically calculated from weight and height (kg ÷ m²). Used for nutritional status classification in children ≥ 2 years.",Numeric,,,,,,,,,,,,,,,,,,,,,,,,,,,,,,,,,,,,,,,
 Vital Signs,,,,codes,,,,,,,,,,,,,,,,,,,,,,,,,,,,,,,,,,,,,,,
MISAU.D MCH,MISAU.D.DE278,Temperature,The child's measured body temperature in degrees Celsius. Fever (≥ 38°C) and hypothermia (< 36°C) are clinically significant findings in paediatric patients.,codes,,,,,,,,,,,,,,,,,,,,,,,,,,,,,,,,,,,,,,,
MISAU.D MCH,MISAU.D.DE279,Heart Rate / Cardiac Frequency,The child's heart rate measured in beats per minute. Normal ranges are age-dependent in paediatric patients.,codes,,,,,,,,,,,,,,,,,,,,,,,,,,,,,,,,,,,,,,,
MISAU.D MCH,MISAU.D.DE280,Respiratory Rate,The child's breathing rate in cycles per minute. Elevated respiratory rate (tachypnoea) is an IMCI danger sign.,codes,,,,,,,,,,,,,,,,,,,,,,,,,,,,,,,,,,,,,,,
MISAU.D MCH,MISAU.D.DE281,Blood Pressure – Systolic,"The peak arterial pressure during a heartbeat, measured in mmHg. Additional BP readings can be added using the '+' button.",codes,,,,,,,,,,,,,,,,,,,,,,,,,,,,,,,,,,,,,,,
MISAU.D MCH,MISAU.D.DE282,Blood Pressure – Diastolic,"The arterial pressure between heartbeats, measured in mmHg.",codes,,,,,,,,,,,,,,,,,,,,,,,,,,,,,,,,,,,,,,,
  Pulse Assessment (multi-site — repeatable per site),,,,codes,,,,,,,,,,,,,,,,,,,,,,,,,,,,,,,,,,,,,,,
MISAU.D MCH,MISAU.D.DE283,Pulse Site,The anatomical site at which the pulse is being assessed. Multiple sites can be examined.,codes,,,,,,,,,,,,,,,,,,,,,,,,,,,,,,,,,,,,,,,
MISAU.D MCH,MISAU.D.DE284,        ◦  Radial,,codes,,,,,,,,,,,,,,,,,,,,,,,,,,,,,,,,,,,,,,,
MISAU.D MCH,MISAU.D.DE285,        ◦  Brachial,,codes,,,,,,,,,,,,,,,,,,,,,,,,,,,,,,,,,,,,,,,
MISAU.D MCH,MISAU.D.DE286,        ◦  Carotid,,codes,,,,,,,,,,,,,,,,,,,,,,,,,,,,,,,,,,,,,,,
MISAU.D MCH,MISAU.D.DE287,        ◦  Popliteal,,codes,,,,,,,,,,,,,,,,,,,,,,,,,,,,,,,,,,,,,,,
MISAU.D MCH,MISAU.D.DE288,        ◦  Femoral,,codes,,,,,,,,,,,,,,,,,,,,,,,,,,,,,,,,,,,,,,,
MISAU.D MCH,MISAU.D.DE289,        ◦  Pedal (Dorsalis Pedis),,codes,,,,,,,,,,,,,,,,,,,,,,,,,,,,,,,,,,,,,,,
MISAU.D MCH,MISAU.D.DE290,Pulse Rate (per site),Heart rate in beats per minute measured at the selected pulse site.,codes,,,,,,,,,,,,,,,,,,,,,,,,,,,,,,,,,,,,,,,
MISAU.D MCH,MISAU.D.DE291,Pulse Rhythm (per site),The regularity or irregularity of the pulse at the selected site.,codes,,,,,,,,,,,,,,,,,,,,,,,,,,,,,,,,,,,,,,,
MISAU.D MCH,MISAU.D.DE292,        ◦  Regular,,,,,,,,,,,,,,,,,,,,,,,,,,,,,,,,,,,,,,,,,
MISAU.D MCH,MISAU.D.DE293,        ◦  Irregular,,,,,,,,,,,,,,,,,,,,,,,,,,,,,,,,,,,,,,,,,
MISAU.D MCH,MISAU.D.DE294,Pulse Amplitude (per site),The strength or volume of the pulse at the selected site — describes the quality of the pulse wave.,,,,,,,,,,,,,,,,,,,,,,,,,,,,,,,,,,,,,,,,
 Disease Screening ,,,,,,,,,,,,,,,,,,,,,,,,,,,,,,,,,,,,,,,,,,,
MISAU.D MCH,MISAU.D.DE295,HIV Screening,"Standardised HIV screening protocol applied during the paediatric consultation, following the national HIV screening algorithm. Captures risk assessment, testing recommendation, and test results where applicable.",,,,,,,,,,,,,,,,,,,,,,,,,,,,,,,,,,,,,,,,
MISAU.D MCH,MISAU.D.DE296,TB Screening,"Standardised tuberculosis symptom screening capturing cough duration, weight loss, fever, night sweats, and TB contact history, following the national TB screening algorithm.",,,,,,,,,,,,,,,,,,,,,,,,,,,,,,,,,,,,,,,,
MISAU.D MCH,,,,,,,,,,,,,,,,,,,,,,,,,,,,,,,,,,,,,,,,,,,
Regional Physical Examination,,,,,,,,,,,,,,,,,,,,,,,,,,,,,,,,,,,,,,,,,,,
MISAU.D MCH,MISAU.D.DE297,Skin,"Assessment of the child's skin for colour (pallor, jaundice, cyanosis), rashes, lesions, wounds, turgor, and hydration.",string,,,,,,,,,,,,,,,,,,,,,,,,,,,,,,,,,,,,,,,
MISAU.D MCH,MISAU.D.DE298,Mucous Membranes,"Assessment of mucous membranes for colour, moisture, and signs of anaemia or dehydration (e.g., pale conjunctivae, dry mouth).",string,,,,,,,,,,,,,,,,,,,,,,,,,,,,,,,,,,,,,,,
MISAU.D MCH,MISAU.D.DE299,Hair,"Assessment of hair quality, distribution, and changes that may indicate nutritional deficiency (e.g., hair depigmentation, brittleness in kwashiorkor).",string,,,,,,,,,,,,,,,,,,,,,,,,,,,,,,,,,,,,,,,
MISAU.D MCH,MISAU.D.DE300,Nails,"Assessment of nail appearance including clubbing, koilonychia, cyanosis, and pitting.",string,,,,,,,,,,,,,,,,,,,,,,,,,,,,,,,,,,,,,,,
MISAU.D MCH,MISAU.D.DE301,Skull / Cranium,"Assessment of head shape, symmetry, fontanelle status (open/closed, bulging, sunken), and cranial sutures.",string,,,,,,,,,,,,,,,,,,,,,,,,,,,,,,,,,,,,,,,
MISAU.D MCH,MISAU.D.DE302,Hair (scalp-specific),"Assessment of scalp hair density, texture, and distribution.",string,,,,,,,,,,,,,,,,,,,,,,,,,,,,,,,,,,,,,,,
MISAU.D MCH,MISAU.D.DE303,Paranasal Sinuses,Palpation and assessment of the frontal and maxillary sinuses for tenderness or swelling.,string,,,,,,,,,,,,,,,,,,,,,,,,,,,,,,,,,,,,,,,
MISAU.D MCH,MISAU.D.DE304,Eyes,"Assessment including conjunctival colour, scleral icterus, pupillary responses, visual tracking, and any discharge or abnormality.",string,,,,,,,,,,,,,,,,,,,,,,,,,,,,,,,,,,,,,,,
MISAU.D MCH,MISAU.D.DE305,Ears,"Assessment of the external ear, ear canal, and tympanic membrane. Includes otoscopy findings and presence of discharge or pain.",string,,,,,,,,,,,,,,,,,,,,,,,,,,,,,,,,,,,,,,,
 Abnormal Masses,,,,,,,,,,,,,,,,,,,,,,,,,,,,,,,,,,,,,,,,,,,
MISAU.D MCH,MISAU.D.DE306,Abnormal Masses Present?,"Records whether any abnormal mass or lump is detected on physical examination. A 'Yes' response enables a mandatory free-text field to describe the mass location, size, consistency, and mobility.",boolean,,,,,,,,,,,,,,,,,,,,,,,,,,,,,,,,,,,,,,,
MISAU.D MCH,MISAU.D.DE307,Yes,,,,,,,,,,,,,,,,,,,,,,,,,,,,,,,,,,,,,,,,,
MISAU.D MCH,MISAU.D.DE308,No,,,,,,,,,,,,,,,,,,,,,,,,,,,,,,,,,,,,,,,,,
MISAU.D MCH,MISAU.D.DE309,Abnormal Mass – Details,"Free text description of any abnormal mass detected, including location, size, consistency, surface, mobility, tenderness, and any associated findings. Required when 'Abnormal Masses Present?' = Yes.",string,,,,,,,,,,,,,,,,,,,,,,,,,,,,,,,,,,,,,,,