Activity ID and name*,Data element ID*,Data element label*,Description and definition*,Data Type,Input Options,Quantity subtype,Calculation,Validation condition,Optionality*,Explain conditionality,Functional grouping of data elements,Linkages to decision-support tables,Linkages to scheduling logic tables,Linkages to aggregate indicators,Annotations,CIEL,International Classification of Diseases 11th Revision (ICD-11) code*,ICD-11 Uniform Resource Identifier (URI),ICD-11 code title,ICD-11 relationship,"ICD-11
comments and considerations","International Classification of Diseases 10th Revision (ICD-10)
code*",ICD-10 code title,ICD-10 relationship,"ICD-10
comments and considerations",Logical Observation Identifiers Names and Codes (LOINC) version 2.73 code*,LOINC version 2.73 long common name,LOINC version 2.73 relationship,"LOINC version 2.73
comments and considerations","International Classification of Health Interventions (ICHI) (Beta 3)
code*","ICHI
comments and considerations","International Classification of Functioning, Disability and Health (ICF)
category*",ICF URI,Systematized Nomenclature of Medicine Clinical Terms (SNOMED) Global Patient Set (GPS) code*,SNOMED GPS preferred name,"SNOMED GPS
relationship","SNOMED GPS
comments and considerations"
Schedule Appointment,,,,,,,,,,,,,,,,,,,,,,,,,,,,,,,,,,,,,
MISAU.G.General,MISAU.G.DE1,NID,National Identification Number of the patient,Quantity,,Integer,,,,,,,,,,163084,,,,,,,,,,,,,,,,,,,,,
MISAU.G.General,MISAU.G.DE2,Full Name,Full name of the registered patient,String,,,,,,,,,,,,,,,,,,,,,,54125-0,,,,,,,,,,,
MISAU.G.General,MISAU.G.DE3,Date of Birth,Patient's date of birth,Date,,,,,,,,,,,,166575,,,,,,,,,,,,,,,,,,,,,
MISAU.G.General,MISAU.G.DE4,Age,Calculated age of the patient,Quantity,,,,,,,,,,,,,,,,,,,,,,30525-0,,,,,,,,,,,
MISAU.G.General,MISAU.G.DE5,Sex,Biological sex of the patient,Coding,,,,,,,,,,,,,,,,,,,,,,46098-0,,,,,,,,,,,
MISAU.G.General,MISAU.G.DE6,Address,Residential address of the patient,String,,,,,,,,,,,,,,,,,,,,,,,,,,,,,,,,,
MISAU.G.General,MISAU.G.DE7,Registration Date,Date the patient was registered in the system,Date,,,,,,,,,,,,163260,,,,,,,,,,,,,,,,,,,,,
MISAU.G.General,MISAU.G.DE8,Priority Level,Triage urgency level assigned to patient,Coding,,,,,,,,,,,,159637,,,,,,,,,,,,,,,,,,,,,
,MISAU.G.DE9,Emergency,,Codes,,,,,,,,,,,,1882,,,,,,,,,,,,,,,,,,,,,
,MISAU.G.DE10,Very urgent,,Codes,,,,,,,,,,,,,,,,,,,,,,,,,,,,,,,,,
,MISAU.G.DE11,Urgent,,Codes,,,,,,,,,,,,1883,,,,,,,,,,,,,,,,,,,,,
,MISAU.G.DE12,Not urgent ,,Codes,,,,,,,,,,,,,,,,,,,,,,,,,,,,,,,,,
,MISAU.G.DE13,Death,,Codes,,,,,,,,,,,,,,,,,,,,,,,,,,,,,,,,,
MISAU.G.General,MISAU.G.DE14,Service Time,Expected service time based on triage priority,Time,,,,,,,,,,,,,,,,,,,,,,,,,,,,,,,,,
MISAU.G.General,MISAU.G.DE15,Department,Hospital department where the patient will be seen,Coding,List of all the departments,,,,,,,,,,,164918,,,,,,,,,,,,,,,,,,,,,
MISAU.G.General,MISAU.G.DE16,Service,Clinical service within the department,Coding,List of all the services,,,,,,,,,,,167812,,,,,,,,,,,,,,,,,,,,,
MISAU.G.General,MISAU.G.DE17,Date of Consultation,Date the patient is added to the waiting list,Date,,,,,,,,,,,,163260,,,,,,,,,,,,,,,,,,,,,
MISAU.G.General,MISAU.G.DE18,Admission Type,Type of admission to the health unit,Coding,List of admission types,,,,,,,,,,,,,,,,,,,,,,,,,,,,,,,,
MISAU.G.General,MISAU.G.DE19,Province (Transfer),Province of transferring health unit,Coding,Province list,,,,,,,,,,,,,,,,,,,,,,,,,,,,,,,,
MISAU.G.General,MISAU.G.DE20,District (Transfer),District of transferring health unit,Coding,District list,,,,,,,,,,,,,,,,,,,,,,,,,,,,,,,,
MISAU.G.General,MISAU.G.DE21,Health Unit (Transfer),Name of the transferring health unit,Coding,Heath units list,,,,,,,,,,,,,,,,,,,,,,,,,,,,,,,,
MISAU.G.General,MISAU.G.DE22,Reference Guide Number,Reference guide number from referring facility,Quantity,,Integer,,,,,,,,,,,,,,,,,,,,,,,,,,,,,,,
MISAU.G.General,MISAU.G.DE23,Reason for Admission,Clinical reason for patient admission,Coding,Predefined list,,,,,,,,,,,1655,,,,,,,,,,,,,,,,,,,,,
MISAU.G.General,MISAU.G.DE24,Cost in Metical,Co-payment amount in Mozambican Metical,Quantity,,,,,,,,,,,,,,,,,,,,,,,,,,,,,,,,,
MISAU.G.General,MISAU.G.DE25,Reason for Exemption,Justification for co-payment exemption,Coding,,,,,,,,,,,,57827-8,,,,,,,,,,,,,,,,,,,,,
MISAU.G.General,MISAU.G.DE26,Traffic Accident within 24 hours,,Codes,,,,,,,,,,,,,,,,,,,,,,,,,,,,,,,,,
MISAU.G.General,MISAU.G.DE27,Physical assault up to 24 hours,,Codes,,,,,,,,,,,,,,,,,,,,,,,,,,,,,,,,,
MISAU.G.General,MISAU.G.DE28,Asthma attack,,Codes,,,,,,,,,,,,121375,,,,,,,,,,,,,,,,,,,,,
MISAU.G.General,MISAU.G.DE29,Grave,,Codes,,,,,,,,,,,,,,,,,,,,,,,,,,,,,,,,,
MISAU.G.General,MISAU.G.DE30,Former Combatant,,Codes,,,,,,,,,,,,,,,,,,,,,,,,,,,,,,,,,
MISAU.G.General,MISAU.G.DE31,Blood Donor,,Codes,,,,,,,,,,,,163503,,,,,,,,,,,,,,,,,,,,,
MISAU.G.General,MISAU.G.DE32,Public Employee/AMM,,Codes,,,,,,,,,,,,,,,,,,,,,,,,,,,,,,,,,
MISAU.G.General,MISAU.G.DE33,Elderly,,Codes,,,,,,,,,,,,,,,,,,,,,,,,,,,,,,,,,
MISAU.G.General,MISAU.G.DE34,Guide bearer,,Codes,,,,,,,,,,,,,,,,,,,,,,,,,,,,,,,,,
MISAU.G.General,MISAU.G.DE35,Newborn(upto 28days),,Codes,,,,,,,,,,,,,,,,,,,,,,,,,,,,,,,,,
MISAU.G.General,MISAU.G.DE36,Donor Information,Details of the blood donor,String,,,,,,,,,,,,,,,,,,,,,,LP422678-5,,,,,,,,,,,
MISAU.G.General,MISAU.G.DE37,AMM Membership Card Number,Membership card number for public employees,Quantity,,,,,,,,,,,,,,,,,,,,,,,,,,,,,,,,,
MISAU.G.General,MISAU.G.DE38,Further Comments,Additional free-text notes about the admission,String,,,,,,,,,,,,,,,,,,,,,,LP74431-5,,,,,,,,,,,
MISAU.G.General,MISAU.G.DE39,Screening Status,Indicates if clinical screening has been performed,Coding,,,,,,,,,,,,166663,,,,,,,,,,,,,,,,,,,,,
MISAU.G.General,MISAU.G.DE40,Visit Status,Current state of the patient's visit,Coding,,,,,,,,,,,,,,,,,,,,,,,,,,,,,,,,,
MISAU.G.General,,On hold,,Codes,,,,,,,,,,,,,,,,,,,,,,,,,,,,,,,,,
MISAU.G.General,,Triad,,Codes,,,,,,,,,,,,,,,,,,,,,,,,,,,,,,,,,
MISAU.G.General,,Under Observation,,Codes,,,,,,,,,,,,,,,,,,,,,,,,,,,,,,,,,
MISAU.G.General,,High,,Codes,,,,,,,,,,,,,,,,,,,,,,,,,,,,,,,,,
MISAU.G.General,,SO,,Codes,,,,,,,,,,,,,,,,,,,,,,,,,,,,,,,,,
MISAU.G.General,,Hospitalized,,Codes,,,,,,,,,,,,,,,,,,,,,,,,,,,,,,,,,
MISAU.G.General,,Absent,,Codes,,,,,,,,,,,,,,,,,,,,,,,,,,,,,,,,,
MISAU.G.General,,Death,,Codes,,,,,,,,,,,,,,,,,,,,,,,,,,,,,,,,,
MISAU.G.General,,self-completion,,Codes,,,,,,,,,,,,,,,,,,,,,,,,,,,,,,,,,
MISAU.G.General,,,,Codes,,,,,,,,,,,,,,,,,,,,,,,,,,,,,,,,,
MISAU.G.General,,,,Codes,,,,,,,,,,,,,,,,,,,,,,,,,,,,,,,,,
MISAU.G.General,MISAU.G.DE41,Removal Reason,Reason for removing user from waiting list,Coding,,,,,,,,,,,,,,,,,,,,,,,,,,,,,,,,,
MISAU.G.General,MISAU.G.DE42,Reschedule,,Codes,,,,,,,,,,,,,,,,,,,,,,,,,,,,,,,,,
MISAU.G.General,MISAU.G.DE43,Cancel,,Codes,,,,,,,,,,,,,,,,,,,,,,,,,,,,,,,,,
MISAU.G.General,MISAU.G.DE44,Change of doctors,,Codes,,,,,,,,,,,,,,,,,,,,,,,,,,,,,,,,,
MISAU.G.General,MISAU.G.DE45,Reason for Cancellation,Free-text explanation for cancelling,String,,,,,,,,,,,,,,,,,,,,,,,,,,,,,,,,,
MISAU.G.General,MISAU.G.DE46,Rescheduling Date,New date for the rescheduled appointment,Date,,,,,,,,,,,,,,,,,,,,,,,,,,,,,,,,,
MISAU.G.General,MISAU.G.DE47,Reason for Rescheduling,Free-text explanation for rescheduling,String,,,,,,,,,,,,,,,,,,,,,,,,,,,,,,,,,
MISAU.G.General,MISAU.G.DE48,Doctor's Name (Change),Name of the new doctor,String,,,,,,,,,,,,,,,,,,,,,,,,,,,,,,,,,
MISAU.G.General,MISAU.G.DE49,Doctor's Name,Name of the doctor whose schedule is being viewed,Codes,Selected from the list of doctors,,,,,,,,,,,,,,,,,,,,,,,,,,,,,,,,
MISAU.G.General,MISAU.G.DE50,Appointment Count per Day,Number of appointments on a given day,Quantity,,,,,,,,,,,,,,,,,,,,,,,,,,,,,,,,,
,,,,,,,,,,,,,,,,,,,,,,,,,,,,,,,,,,,,,
,,,,,,,,,,,,,,,,,,,,,,,,,,,,,,,,,,,,,
General Consultation(Attend to patient),,,,,,,,,,,,,,,,,,,,,,,,,,,,,,,,,,,,,
MISAU.G.General,MISAU.G.DE50,Vital signs,,String,,,,,,,,,,,,,,,,,,,,,,,,,,,,,,,,,
MISAU.G.General,MISAU.G.DE51,Main Complaint,,String,,,,,,,,,,,,,,,,,,,,,,LP76016-2,,,,,,,,,,,
MISAU.G.General,MISAU.G.DE52,Current Medical History,,String,,,,,,,,,,,,,,,,,,,,,,,,,,,,,,,,,
MISAU.G.General,MISAU.G.DE53,Psychomotor Development,,Coding,,,,,,,,,,,,160277,,,,,,,,,,,,,,,,,,,,,
MISAU.G.General,MISAU.G.DE54,Chronic Disease (Patient),,Coding,,,,,,,,,,,,155569,,,,,,,,,,,,,,,,,,,,,
MISAU.G.General,MISAU.G.DE55,Year of Diagnosis (Chronic),,Date,,,,,,,,,,,,,,,,,,,,,,,,,,,,,,,,,
MISAU.G.General,MISAU.G.DE56,Family History of Chronic Disease,,Boolean,,,,,,,,,,,,,,,,,,,,,,,,,,,,,,,,,
MISAU.G.General,MISAU.G.DE57,Previous Illnesses,,Coding,,,,,,,,,,,,,,,,,,,,,,,,,,,,,,,,,
MISAU.G.General,MISAU.G.DE58,Allergies,Indicates whether the patient has an allergy,Boolean,,,,,,,,,,,,160557,,,,,,,,,,,,,,,,,,,,,
MISAU.G.General,MISAU.G.DE59,Drug Allergy Flag,Indicates the patient has a known drug allergy,Boolean,,,,,,,,,,,,1512,,,,,,,,,,,,,,,,,,,,,
MISAU.G.General,MISAU.G.DE60,Allergy – Medications,List of medications the patient is allergic to,Coding,,,,,,,,,,,,160558,,,,,,,,,,,,,,,,,,,,,
MISAU.G.General,MISAU.G.DE61,Food Allergy Flag,Indicates the patient has a known food allergy,Coding,,,,,,,,,,,,,,,,,,,,,,,,,,,,,,,,,
MISAU.G.General,MISAU.G.DE62,Allergy – Food,Description of food items causing allergy,String,,,,,,,,,,,,,,,,,,,,,,,,,,,,,,,,,
MISAU.G.General,MISAU.G.DE63,Other Allergy Flag,Indicates the patient has other types of allergy,String,,,,,,,,,,,,,,,,,,,,,,,,,,,,,,,,,
MISAU.G.General,MISAU.G.DE64,Allergy – Other,Description of other allergies,Quantity,,,,,,,,,,,,,,,,,,,,,,,,,,,,,,,,,
MISAU.G.General,MISAU.G.DE65,Allergy Reactions,Observed or reported reactions to the allergen,Coding,,,,,,,,,,,,,,,,,,,,,,,,,,,,,,,,,
MISAU.G.General,MISAU.G.DE66,Allergy Severity,Severity classification of the allergic reaction,Coding,,,,,,,,,,,,160759,,,,,,,,,,,,,,,,,,,,,
MISAU.G.General,MISAU.G.DE67,"Family, Dietary, and Psychosocial History",,Quantity,,,,,,,,,,,,,,,,,,,,,,,,,,,,,,,,,
MISAU.G.General,MISAU.G.DE68,Food History,Description of the patient's dietary habits,String,,,,,,,,,,,,,,,,,,,,,,77298-8,,,,,,,,,,,
MISAU.G.General,MISAU.G.DE69,Family History,Narrative of relevant family medical history,String,,,,,,,,,,,,,,,,,,,,,,,,,,,,,,,,,
MISAU.G.General,MISAU.G.DE70,Housing,Description of the patient's housing conditions,String,,,,,,,,,,,,,,,,,,,,,,LP448184-4,,,,,,,,,,,
MISAU.G.General,MISAU.G.DE71,Number of People in Household,Total number of people living in the patient's home,String,,,,,,,,,,,,,,,,,,,,,,86639-2,,,,,,,,,,,
MISAU.G.General,MISAU.G.DE72,Water Access,Whether the household has access to clean water,String,,,,,,,,,,,,,,,,,,,,,,,,,,,,,,,,,
MISAU.G.General,MISAU.G.DE73,Sewage Access,Whether the household has sewage infrastructure,String,,,,,,,,,,,,,,,,,,,,,,,,,,,,,,,,,
MISAU.G.General,MISAU.G.DE74,Father's Occupation,Father's stated occupation,String,,,,,,,,,,,,,,,,,,,,,,,,,,,,,,,,,
MISAU.G.General,MISAU.G.DE75,Father's Education Level,Highest level of education attained by the father,String,,,,,,,,,,,,,,,,,,,,,,,,,,,,,,,,,
MISAU.G.General,MISAU.G.DE76,Mother's Occupation,Mother's stated occupation,String,,,,,,,,,,,,,,,,,,,,,,,,,,,,,,,,,
MISAU.G.General,MISAU.G.DE77,Mother's Education Level,Highest level of education attained by the mother,String,,,,,,,,,,,,,,,,,,,,,,,,,,,,,,,,,
MISAU.G.General,MISAU.G.DE78,Family Income,Household income information,String,,,,,,,,,,,,,,,,,,,,,,,,,,,,,,,,,
MISAU.G.General,MISAU.G.DE79,Alcohol Habits,Whether the patient consumes alcohol,String,,,,,,,,,,,,159449,,,,,,,,,,,,,,,,,,,,,
MISAU.G.General,MISAU.G.DE80,Alcohol Comments,Additional notes on alcohol consumption,String,,,,,,,,,,,,,,,,,,,,,,69697-1,,,,,,,,,,,
MISAU.G.General,MISAU.G.DE81,Smoking Habits,Whether the patient smokes,String,,,,,,,,,,,,163201,,,,,,,,,,,,,,,,,,,,,
MISAU.G.General,MISAU.G.DE82,Smoking Comments,Additional notes on smoking habits,String,,,,,,,,,,,,,,,,,,,,,,,,,,,,,,,,,
MISAU.G.General,MISAU.G.DE83,Previous Trips,Whether the patient has made relevant previous travel,String,,,,,,,,,,,,162605,,,,,,,,,,,,,,,,,,,,,
MISAU.G.General,MISAU.G.DE84,Previous Trips Comments,Details of previous travel relevant to the consultation,String,,,,,,,,,,,,,,,,,,,,,,LP448187-7,,,,,,,,,,,
MISAU.G.General,MISAU.G.DE85,Personal History Pediatrics/Neonatology,,String,,,,,,,,,,,,,,,,,,,,,,,,,,,,,,,,,
MISAU.G.General,MISAU.G.DE86,Mother's Age,Age of the patient's mother at time of birth,Quantity,,,,,,,,,,,,,,,,,,,,,,,,,,,,,,,,,
MISAU.G.General,MISAU.G.DE87,Number of Prenatal Consultations,Total prenatal visits attended by the mother,Quantity,,,,,,,,,,,,,,,,,,,,,,	68493-6,,,,,,,,,,,
MISAU.G.General,MISAU.G.DE88,VDRL Result,Result of the VDRL syphilis screening test during pregnancy,String,,,,,,,,,,,,,,,,,,,,,,,,,,,,,,,,,
MISAU.G.General,MISAU.G.DE89,HIV Result (Prenatal),HIV test result recorded during prenatal care,String,,,,,,,,,,,,159427,,,,,,,,,,,,,,,,,,,,,
MISAU.G.General,MISAU.G.DE90,Number of Children,Total number of children the mother has had,Quantity,,,,,,,,,,,,5558,,,,,,,,,,,,,,,,,,,,,
MISAU.G.General,MISAU.G.DE91,Children Alive,Number of the mother's children currently alive,Quantity,,,,,,,,,,,,164894,,,,,,,,,,,,,,,,,,,,,
MISAU.G.General,MISAU.G.DE92,Children Deceased,Number of the mother's children who have died,Quantity,,,,,,,,,,,,,,,,,,,,,,,,,,,,,,,,,
MISAU.G.General,MISAU.G.DE93,Delivery Location,Place where the patient was born,Coding,,,,,,,,,,,,1572,,,,,,,,,,,,,,,,,,,,,
MISAU.G.General,MISAU.G.DE94,Type of Delivery,Method of childbirth,Coding,,,,,,,,,,,,5630,,,,,,,,,,,,,,,,,,,,,
MISAU.G.General,MISAU.G.DE95,Gestational Age at Birth (weeks),Number of weeks of gestation at the time of delivery,Quantity,,,,,,,,,,,,,,,,,,,,,,49051-6,,,,,,,,,,,
MISAU.G.General,MISAU.G.DE96,Single Pregnancy,Whether the birth was a singleton pregnancy,Boolean,,,,,,,,,,,,,,,,,,,,,,,,,,,,,,,,,
MISAU.G.General,MISAU.G.DE97,Twin Pregnancy,Whether the birth was a twin pregnancy,Boolean,,,,,,,,,,,,111772,,,,,,,,,,,,,,,,,,,,,
MISAU.G.General,MISAU.G.DE98,Birth Weight (g),Patient's weight at birth in grams,Quantity,,,,,,,,,,,,,,,,,,,,,,56056-5,,,,,,,,,,,
MISAU.G.General,MISAU.G.DE99,Head Circumference at Birth (cm),Patient's head circumference at birth,Quantity,,,,,,,,,,,,,,,,,,,,,,8291-7,,,,,,,,,,,
MISAU.G.General,MISAU.G.DE100,Apgar Score,Apgar score assessed at birth,Quantity,,,,,,,,,,,,,,,,,,,,,,9273-4,,,,,,,,,,,
MISAU.G.General,MISAU.G.DE101,Breastfeeding Type,Type of feeding the patient received as a newborn,Coding,,,,,,,,,,,,169176,,,,,,,,,,,,,,,,,,,,,
MISAU.G.General,MISAU.G.DE102,Weaning Age (months),Age in months at which the patient was weaned,Quantity,,,,,,,,,,,,,,,,,,,,,,,,,,,,,,,,,
MISAU.G.General,MISAU.G.DE103,Reason for Weaning,Explanation for early or specific weaning,String,,,,,,,,,,,,,,,,,,,,,,,,,,,,,,,,,
MISAU.G.General,MISAU.G.DE104,Menstrual History,,,,,,,,,,,,,,,,,,,,,,,,,,,,,,,,,,,
MISAU.G.General,MISAU.G.DE105,Menarche Flag,Whether the patient has experienced menarche,Boolean,,,,,,,,,,,,,,,,,,,,,,,,,,,,,,,,,
MISAU.G.General,MISAU.G.DE106,Menarche Age,Age at which the patient first menstruated,Quantity,,,,,,,,,,,,160598,,,,,,,,,,,,,,,,,,,,,
MISAU.G.General,MISAU.G.DE107,Menopause Flag,Whether the patient has undergone menopause,Boolean,,,,,,,,,,,,134346,,,,,,,,,,,,,,,,,,,,,
MISAU.G.General,MISAU.G.DE108,Menopause Age,Age at which the patient entered menopause,Quantity,,,,,,,,,,,,160599,,,,,,,,,,42802-9,,,,,,,,,,,
MISAU.G.General,MISAU.G.DE109,Date of Second-to-Last Menstrual Period,Date of the penultimate menstrual period,Date,,,,,,,,,,,,,,,,,,,,,,,,,,,,,,,,,
MISAU.G.General,MISAU.G.DE110,Date of Last Menstrual Period,Date of the most recent menstrual period,Date,,,,,,,,,,,,1427,,,,,,,,,,,,,,,,,,,,,
MISAU.G.General,MISAU.G.DE111,Cycle Periodicity (days),Typical length of the patient's menstrual cycle in days,Quantity,,,,,,,,,,,,,,,,,,,,,,,,,,,,,,,,,
MISAU.G.General,MISAU.G.DE112,Flow Characteristics,"Description of menstrual flow (e.g., heavy, light, clots)",String,,,,,,,,,,,,,,,,,,,,,,,,,,,,,,,,,
MISAU.G.General,MISAU.G.DE113,Pregnant,Whether the patient is currently pregnant,Boolean,,,,,,,,,,,,5272,,,,,,,,,,,,,,,,,,,,,
MISAU.G.General,MISAU.G.DE114,Gestational Age (weeks),Current gestational age in weeks,Quantity,,,,,,,,,,,,,,,,,,,,,,49051-6,,,,,,,,,,,
MISAU.G.General,MISAU.G.DE115,Breastfeeding (Current),Whether the patient is currently breastfeeding,Boolean,,,,,,,,,,,,,,,,,,,,,,,,,,,,,,,,,
MISAU.G.General,MISAU.G.DE116,Vaccination,,Boolean,,,,,,,,,,,,,,,,,,,,,,,,,,,,,,,,,
MISAU.G.General,MISAU.G.DE117,Vaccine Dose,Dose number of the vaccine being administered,Boolean,,,,,,,,,,,,,,,,,,,,,,,,,,,,,,,,,
MISAU.G.General,MISAU.G.DE118,Vaccine Name,"Name of the vaccine, supplement, or deworming treatment",Boolean,,,,,,,,,,,,,,,,,,,,,,,,,,,,,,,,,
MISAU.G.General,MISAU.G.DE119,Vaccine Administration Date,Date the vaccine was administered,Boolean,,,,,,,,,,,,1410,,,,,,,,,,,,,,,,,,,,,
MISAU.G.General,MISAU.G.DE120,Systems Review,,Boolean,,,,,,,,,,,,,,,,,,,,,,,,,,,,,,,,,
MISAU.G.General,MISAU.G.DE121,General Complaints,General systemic complaints reported by the patient,Boolean,,,,,,,,,,,,,,,,,,,,,,,,,,,,,,,,,
MISAU.G.General,MISAU.G.DE122,Respiratory and Cardiovascular,Symptoms related to respiratory and cardiac systems,Boolean,,,,,,,,,,,,,,,,,,,,,,,,,,,,,,,,,
MISAU.G.General,MISAU.G.DE123,Gastrointestinal,Symptoms related to the digestive system,Boolean,,,,,,,,,,,,,,,,,,,,,,,,,,,,,,,,,
MISAU.G.General,MISAU.G.DE124,Genitourinary,Symptoms related to the genitourinary system,Boolean,,,,,,,,,,,,,,,,,,,,,,LA16969-0,,,,,,,,,,,
MISAU.G.General,MISAU.G.DE125,Nervous System,Symptoms related to the neurological system,Boolean,,,,,,,,,,,,,,,,,,,,,,LP7441-1,,,,,,,,,,,
MISAU.G.General,MISAU.G.DE126,Haemolymphopoietic,Symptoms related to blood and lymphatic systems,Boolean,,,,,,,,,,,,,,,,,,,,,,,,,,,,,,,,,
MISAU.G.General,MISAU.G.DE127,Osteo-Myo-Articular,"Symptoms related to bones, muscles and joints",Boolean,,,,,,,,,,,,,,,,,,,,,,,,,,,,,,,,,
MISAU.G.General,MISAU.G.DE128,Endocrine,Symptoms related to the endocrine/hormonal system,Boolean,,,,,,,,,,,,,,,,,,,,,,LP31396-2,,,,,,,,,,,
MISAU.G.General,MISAU.G.DE129,Level of Conciousness,,Boolean,,,,,,,,,,,,,,,,,,,,,,,,,,,,,,,,,
MISAU.G.General,MISAU.G.DE130,Eye Opening,GCS sub-score for eye opening response,Boolean,,,,,,,,,,,,,,,,,,,,,,,,,,,,,,,,,
MISAU.G.General,MISAU.G.DE131,Verbal Response,GCS sub-score for verbal response,Boolean,,,,,,,,,,,,,,,,,,,,,,LA9341-4,,,,,,,,,,,
MISAU.G.General,MISAU.G.DE132,Motor Response,GCS sub-score for motor response,Boolean,,,,,,,,,,,,,,,,,,,,,,LA6562-8,,,,,,,,,,,
MISAU.G.General,MISAU.G.DE133,Level of Consciousness Score,"Total GCS score calculated from eye, verbal and motor sub-scores",Boolean,,,,,,,,,,,,162643,,,,,,,,,,,,,,,,,,,,,
MISAU.G.General,MISAU.G.DE134,Anthropometric Measurement,,Boolean,,,,,,,,,,,,,,,,,,,,,,,,,,,,,,,,,
MISAU.G.General,MISAU.G.DE135,Weight (kg),Patient's current weight in kilograms,Boolean,,,,,,,,,,,,5089,,,,,,,,,,,,,,,,,,,,,
MISAU.G.General,MISAU.G.DE136,Height (cm),Patient's current height in centimetres,Boolean,,,,,,,,,,,,5090,,,,,,,,,,,,,,,,,,,,,
MISAU.G.General,MISAU.G.DE137,Cranial Perimeter (cm),Head circumference for neonatal/pediatric patients under 2 years,Boolean,,,,,,,,,,,,,,,,,,,,,,,,,,,,,,,,,
MISAU.G.General,MISAU.G.DE138,Abdominal Circumference (cm),Patient's abdominal/waist circumference,Boolean,,,,,,,,,,,,,,,,,,,,,,LP31969-6,,,,,,,,,,,
MISAU.G.General,MISAU.G.DE139,Arm Circumference (cm),Mid-upper arm circumference,Boolean,,,,,,,,,,,,1343,,,,,,,,,,,,,,,,,,,,,
MISAU.G.General,MISAU.G.DE140,Nutritional Assessment,,Boolean,,,,,,,,,,,,,,,,,,,,,,,,,,,,,,,,,
MISAU.G.General,MISAU.G.DE141,Weight/Age Classification,Nutritional classification based on weight-for-age z-score,Boolean,,,,,,,,,,,,,,,,,,,,,,,,,,,,,,,,,
MISAU.G.General,MISAU.G.DE142,Weight/Height Classification (< 2 yrs),Nutritional classification based on weight-for-height z-score for children under 2,Boolean,,,,,,,,,,,,,,,,,,,,,,,,,,,,,,,,,
MISAU.G.General,MISAU.G.DE143,Weight/Height Classification (≥ 2 yrs),Nutritional classification based on weight-for-height z-score for children ≥ 2,Boolean,,,,,,,,,,,,,,,,,,,,,,,,,,,,,,,,,
MISAU.G.General,MISAU.G.DE144,BMI/Age Classification,Nutritional classification based on BMI-for-age z-score,Boolean,,,,,,,,,,,,,,,,,,,,,,,,,,,,,,,,,
MISAU.G.General,MISAU.G.DE145,Biotype,Body type classification for adult patients,Boolean,,,,,,,,,,,,,,,,,,,,,,,,,,,,,,,,,
MISAU.G.General,MISAU.G.DE146,Body Mass Index (BMI),BMI calculated as weight (kg) ÷ height² (m),Boolean,,,,,,,,,,,,,,,,,,,,,,,,,,,,,,,,,
MISAU.G.General,MISAU.G.DE147,Nutritional Status (Adult),Nutritional classification for adult patients,Boolean,,,,,,,,,,,,,,,,,,,,,,,,,,,,,,,,,
MISAU.G.General,MISAU.G.DE148,Vital Signs,,Boolean,,,,,,,,,,,,,,,,,,,,,,,,,,,,,,,,,
MISAU.G.General,MISAU.G.DE149,Temperature (°C),Body temperature measured in degrees Celsius,Boolean,,,,,,,,,,,,5088,,,,,,,,,,,,,,,,,,,,,
MISAU.G.General,MISAU.G.DE150,Heart Rate (bpm),Number of heartbeats per minute,Boolean,,,,,,,,,,,,,,,,,,,,,,8867-4,,,,,,,,,,,
MISAU.G.General,MISAU.G.DE151,Respiratory Rate,Number of breaths per minute,Boolean,,,,,,,,,,,,,,,,,,,,,,9279-1,,,,,,,,,,,
MISAU.G.General,MISAU.G.DE152,Blood Pressure – Systolic,Systolic component of the blood pressure reading,Boolean,,,,,,,,,,,,,,,,,,,,,,55284-4,,,,,,,,,,,
MISAU.G.General,MISAU.G.DE153,Blood Pressure – Diastolic,Diastolic component of the blood pressure reading,Boolean,,,,,,,,,,,,,,,,,,,,,,55284-4,,,,,,,,,,,
MISAU.G.General,MISAU.G.DE154,Oxygen Saturation (%),Peripheral oxygen saturation level,Boolean,,,,,,,,,,,,,,,,,,,,,,LP21258-6,,,,,,,,,,,
MISAU.G.General,MISAU.G.DE155,Pulse Site,Anatomical location where pulse was measured,Coding,,,,,,,,,,,,,,,,,,,,,,LP73212-0,,,,,,,,,,,
MISAU.G.General,MISAU.G.DE156,Radial,,Codes,,,,,,,,,,,,,,,,,,,,,,,,,,,,,,,,,
MISAU.G.General,MISAU.G.DE157,Brachial,,Codes,,,,,,,,,,,,,,,,,,,,,,,,,,,,,,,,,
MISAU.G.General,MISAU.G.DE158,Carotid,,Codes,,,,,,,,,,,,,,,,,,,,,,,,,,,,,,,,,
MISAU.G.General,MISAU.G.DE159,Popliteal,,Codes,,,,,,,,,,,,,,,,,,,,,,,,,,,,,,,,,
MISAU.G.General,MISAU.G.DE160,Femoral,,Codes,,,,,,,,,,,,,,,,,,,,,,,,,,,,,,,,,
MISAU.G.General,MISAU.G.DE161,Pedious,,Codes,,,,,,,,,,,,,,,,,,,,,,,,,,,,,,,,,
MISAU.G.General,MISAU.G.DE162,Pulse Rate (bpm),Pulse beats per minute at the measured site,Boolean,,,,,,,,,,,,,,,,,,,,,,LA9361-2,,,,,,,,,,,
MISAU.G.General,MISAU.G.DE163,Pulse State,Regularity of the pulse rhythm,Boolean,,,,,,,,,,,,,,,,,,,,,,,,,,,,,,,,,
MISAU.G.General,MISAU.G.DE164,Pulse Amplitude,Strength/amplitude of the pulse,Boolean,,,,,,,,,,,,,,,,,,,,,,LP96295-8,,,,,,,,,,,
MISAU.G.General,MISAU.G.DE165,Regional Physical Examination- Adult,,Boolean,,,,,,,,,,,,,,,,,,,,,,,,,,,,,,,,,
MISAU.G.General,MISAU.G.DE166,Skin,Findings on skin inspection,String,,,,,,,,,,,,,,,,,,,,,,,,,,,,,,,,,
MISAU.G.General,MISAU.G.DE167,Mucous Membranes,Findings on mucous membrane examination,String,,,,,,,,,,,,,,,,,,,,,,,,,,,,,,,,,
MISAU.G.General,MISAU.G.DE168,Body Hair / Hair,Findings on hair and body hair examination,String,,,,,,,,,,,,,,,,,,,,,,,,,,,,,,,,,
MISAU.G.General,MISAU.G.DE169,Nails,Findings on nail inspection,String,,,,,,,,,,,,,,,,,,,,,,,,,,,,,,,,,
MISAU.G.General,MISAU.G.DE170,Skull,Findings on skull examination,String,,,,,,,,,,,,,,,,,,,,,,,,,,,,,,,,,
MISAU.G.General,MISAU.G.DE171,Face,Findings on facial examination (ENT requirement),String,,,,,,,,,,,,,,,,,,,,,,,,,,,,,,,,,
MISAU.G.General,MISAU.G.DE172,Eyes,Findings on ocular examination,String,,,,,,,,,,,,,,,,,,,,,,,,,,,,,,,,,
MISAU.G.General,MISAU.G.DE173,Nose and Paranasal Sinuses,Findings on nasal and sinus examination,String,,,,,,,,,,,,,,,,,,,,,,,,,,,,,,,,,
MISAU.G.General,MISAU.G.DE174,Ear and Auricle,Findings on ear examination,String,,,,,,,,,,,,,,,,,,,,,,,,,,,,,,,,,
MISAU.G.General,MISAU.G.DE175,Oropharynx,Findings on oropharyngeal examination,String,,,,,,,,,,,,,,,,,,,,,,,,,,,,,,,,,
MISAU.G.General,MISAU.G.DE176,Neck,Findings on neck examination,String,,,,,,,,,,,,,,,,,,,,,,,,,,,,,,,,,
MISAU.G.General,MISAU.G.DE177,Chest,Findings on chest inspection,String,,,,,,,,,,,,,,,,,,,,,,,,,,,,,,,,,
MISAU.G.General,MISAU.G.DE178,Cardiovascular Examination,Cardiovascular auscultation and examination findings,String,,,,,,,,,,,,,,,,,,,,,,,,,,,,,,,,,
MISAU.G.General,MISAU.G.DE179,Respiratory Examination,Respiratory auscultation and examination findings,String,,,,,,,,,,,,,,,,,,,,,,,,,,,,,,,,,
MISAU.G.General,MISAU.G.DE180,Abdomen,Findings on abdominal examination,String,,,,,,,,,,,,,,,,,,,,,,,,,,,,,,,,,
MISAU.G.General,MISAU.G.DE181,Genitalia,Findings on genital examination,String,,,,,,,,,,,,,,,,,,,,,,,,,,,,,,,,,
MISAU.G.General,MISAU.G.DE182,Extremities,Findings on limb examination including oedema status,String,,,,,,,,,,,,,,,,,,,,,,,,,,,,,,,,,
MISAU.G.General,MISAU.G.DE183,,,,,,,,,,,,,,,,,,,,,,,,,,,,,,,,,,,,
MISAU.G.General,MISAU.G.DE184,Regional Physical Examination- Pediatrics,,Boolean,,,,,,,,,,,,,,,,,,,,,,,,,,,,,,,,,
MISAU.G.General,MISAU.G.DE185,Skin and Mucous Membranes (Ped),Combined skin and mucous membrane findings for pediatric patients,String,,,,,,,,,,,,,,,,,,,,,,,,,,,,,,,,,
MISAU.G.General,MISAU.G.DE186,Lymph Nodes,Findings on lymph node palpation,String,,,,,,,,,,,,,,,,,,,,,,,,,,,,,,,,,
MISAU.G.General,MISAU.G.DE187,"Eyes, Ears and Nose (Ped)",Combined ENT findings for pediatric patients,String,,,,,,,,,,,,,,,,,,,,,,,,,,,,,,,,,
MISAU.G.General,MISAU.G.DE188,Mouth and Oropharynx (Ped),Oral and oropharyngeal findings for pediatric patients,String,,,,,,,,,,,,,,,,,,,,,,,,,,,,,,,,,
MISAU.G.General,MISAU.G.DE189,Lung Auscultation,Respiratory auscultation findings,String,,,,,,,,,,,,,,,,,,,,,,,,,,,,,,,,,
MISAU.G.General,MISAU.G.DE190,Cardiac Auscultation,Cardiac auscultation findings,String,,,,,,,,,,,,,,,,,,,,,,,,,,,,,,,,,
MISAU.G.General,MISAU.G.DE191,Genitals and Anus,Genital and anal findings for pediatric patients,String,,,,,,,,,,,,,,,,,,,,,,,,,,,,,,,,,
MISAU.G.General,MISAU.G.DE192,Spine and Limbs,Findings on spinal column and limb examination,String,,,,,,,,,,,,,,,,,,,,,,,,,,,,,,,,,
MISAU.G.General,MISAU.G.DE193,,,,,,,,,,,,,,,,,,,,,,,,,,,,,,,,,,,,
MISAU.G.General,MISAU.G.DE194,Type of Pain,Clinical classification of the pain type,Coding,,,,,,,,,,,,,,,,,,,,,,,,,,,,,,,,,
MISAU.G.General,MISAU.G.DE195,Neurological,,Codes,,,,,,,,,,,,,,,,,,,,,,,,,,,,,,,,,
MISAU.G.General,MISAU.G.DE196,Musculoskeletal,,Codes,,,,,,,,,,,,,,,,,,,,,,,,,,,,,,,,,
MISAU.G.General,MISAU.G.DE197,Neuropathic,,Codes,,,,,,,,,,,,,,,,,,,,,,,,,,,,,,,,,
MISAU.G.General,MISAU.G.DE198,Pain Scale,Numeric pain intensity scale selected by clinician,Quantity,Can be from 0-10,,,,,,,,,,,,,,,,,,,,,,,,,,,,,,,,
MISAU.G.General,MISAU.G.DE199,Pain Intensity,Verbal descriptor of pain severity derived from scale score,Boolean,,,,,,,,,,,,,,,,,,,,,,,,,,,,,,,,,
MISAU.G.General,MISAU.G.DE200,Neurological Examination,,,,,,,,,,,,,,,,,,,,,,,,,,,,,,,,,,,
MISAU.G.General,MISAU.G.DE201,GCS Total Score (Neuro),Derived GCS score displayed in neurological examination section,Quantity,,,,,,,,,,,,,,,,,,,,,,,,,,,,,,,,,
MISAU.G.General,MISAU.G.DE202,Pupil Diameter Symmetry,Symmetry of pupillary diameter,Coding,,,,,,,,,,,,,,,,,,,,,,,,,,,,,,,,,
MISAU.G.General,MISAU.G.DE203,,Isochoric,Codes,,,,,,,,,,,,,,,,,,,,,,,,,,,,,,,,,
MISAU.G.General,MISAU.G.DE204,,Anisochoric,Codes,"If selected, gives a free-text",,,,,,,,,,,,,,,,,,,,,,,,,,,,,,,,
MISAU.G.General,MISAU.G.DE205,Pupil Diameter,Pupillary diameter classification,Coding,,,,,,,,,,,,,,,,,,,,,,,,,,,,,,,,,
MISAU.G.General,MISAU.G.DE206,,Mydriatics,Codes,,,,,,,,,,,,,,,,,,,,,,,,,,,,,,,,,
MISAU.G.General,MISAU.G.DE207,,Miotics,Codes,,,,,,,,,,,,,,,,,,,,,,,,,,,,,,,,,
MISAU.G.General,MISAU.G.DE208,Pupil Response to Light,Reactivity of pupils to light stimulus,Coding,,,,,,,,,,,,,,,,,,,,,,,,,,,,,,,,,
MISAU.G.General,MISAU.G.DE209,"Light-reactive,",,Codes,,,,,,,,,,,,,,,,,,,,,,,,,,,,,,,,,
MISAU.G.General,MISAU.G.DE210,Not very reactive,,Codes,,,,,,,,,,,,,,,,,,,,,,,,,,,,,,,,,
MISAU.G.General,MISAU.G.DE211,Non-reactive,,Codes,,,,,,,,,,,,,,,,,,,,,,,,,,,,,,,,,
MISAU.G.General,MISAU.G.DE212,Muscle Strength Classification,Medical Research Council (MRC) muscle strength grading,Coding,,,,,,,,,,,,,,,,,,,,,,,,,,,,,,,,,
MISAU.G.General,MISAU.G.DE213,1 - No Movement,,Codes,,,,,,,,,,,,,,,,,,,,,,,,,,,,,,,,,
MISAU.G.General,MISAU.G.DE214,2 - Weak,,Codes,,,,,,,,,,,,,,,,,,,,,,,,,,,,,,,,,
MISAU.G.General,MISAU.G.DE215,3 - Regular,,Codes,,,,,,,,,,,,,,,,,,,,,,,,,,,,,,,,,
MISAU.G.General,MISAU.G.DE216,4 - Good,,Codes,,,,,,,,,,,,,,,,,,,,,,,,,,,,,,,,,
MISAU.G.General,MISAU.G.DE217,5-Normal,,Codes,,,,,,,,,,,,,,,,,,,,,,,,,,,,,,,,,
MISAU.G.General,MISAU.G.DE218,Location of Deficit,Anatomical location of motor deficit,String,,,,,,,,,,,,,,,,,,,,,,,,,,,,,,,,,
MISAU.G.General,MISAU.G.DE219,Meningeal Signs,Presence of meningeal irritation signs,Coding,,,,,,,,,,,,,,,,,,,,,,,,,,,,,,,,,
MISAU.G.General,MISAU.G.DE220,Neck Stiffness,,Codes,,,,,,,,,,,,,,,,,,,,,,,,,,,,,,,,,
MISAU.G.General,MISAU.G.DE221,Sinal de Kernig,,Codes,,,,,,,,,,,,,,,,,,,,,,,,,,,,,,,,,
MISAU.G.General,MISAU.G.DE222,Sinal de Brudzinski,,Codes,,,,,,,,,,,,,,,,,,,,,,,,,,,,,,,,,
MISAU.G.General,MISAU.G.DE223,Neurological Notes,Additional clinician notes on neurological findings,String,,,,,,,,,,,,,,,,,,,,,,,,,,,,,,,,,
MISAU.G.General,MISAU.G.DE224,Reflexes (Ped),Reflex findings for pediatric/neonatal patients,String,,,,,,,,,,,,,,,,,,,,,,,,,,,,,,,,,
MISAU.G.General,MISAU.G.DE225,Muscle Tone (Ped),Muscle tone findings for pediatric/neonatal patients,String,,,,,,,,,,,,,,,,,,,,,,,,,,,,,,,,,
MISAU.G.General,MISAU.G.DE226,Muscle Strength (Ped),Muscle strength findings for pediatric/neonatal patients,String,,,,,,,,,,,,,,,,,,,,,,,,,,,,,,,,,
MISAU.G.General,MISAU.G.DE227,Gait (Ped),Gait assessment for pediatric patients,String,,,,,,,,,,,,,,,,,,,,,,,,,,,,,,,,,
MISAU.G.General,MISAU.G.DE228,Speech (Ped),Speech assessment for pediatric patients,String,,,,,,,,,,,,,,,,,,,,,,,,,,,,,,,,,
MISAU.G.General,MISAU.G.DE229,Pupils (Ped),Pupil assessment for pediatric/neonatal patients,String,,,,,,,,,,,,,,,,,,,,,,,,,,,,,,,,,
MISAU.G.General,MISAU.G.DE230,Medical Reassessment,,Coding,,,,,,,,,,,,,,,,,,,,,,,,,,,,,,,,,
MISAU.G.General,MISAU.G.DE231,Reassessment Note,Clinical note documenting the patient's reassessment,String,,,,,,,,,,,,,,,,,,,,,,,,,,,,,,,,,
MISAU.G.General,MISAU.G.DE232,Clinical Evolution,Clinician's assessment of how the patient's condition has evolved,Coding,,,,,,,,,,,,,,,,,,,,,,,,,,,,,,,,,
MISAU.G.General,MISAU.G.DE233,,Improvement,Boolean,,,,,,,,,,,,,,,,,,,,,,,,,,,,,,,,,
MISAU.G.General,MISAU.G.DE234,,Stationary,Boolean,,,,,,,,,,,,,,,,,,,,,,,,,,,,,,,,,
MISAU.G.General,MISAU.G.DE235,,Gets worse,Boolean,,,,,,,,,,,,,,,,,,,,,,,,,,,,,,,,,
MISAU.G.General,MISAU.G.DE236,Disease Screening,,Boolean,,,,,,,,,,,,,,,,,,,,,,,,,,,,,,,,,
MISAU.G.General,MISAU.G.DE237,Mother's Serological Status Known (Ped),Whether the mother's serological status is known,Boolean,,,,,,,,,,,,,,,,,,,,,,,,,,,,,,,,,
MISAU.G.General,MISAU.G.DE238,Child's Serological Status Known,Whether the child's serological status is known,Boolean,,,,,,,,,,,,,,,,,,,,,,,,,,,,,,,,,
MISAU.G.General,MISAU.G.DE239,User Serological Status Unknown,Whether the adult patient's HIV serological status is unknown,Boolean,,,,,,,,,,,,,,,,,,,,,,,,,,,,,,,,,
MISAU.G.General,MISAU.G.DE240,TB Exposure (Last 12 Months),Whether the patient has been exposed to TB in the past year,Boolean,,,,,,,,,,,,,,,,,,,,,,,,,,,,,,,,,
MISAU.G.General,MISAU.G.DE241,TB Signs and Symptoms,Whether the patient presents signs/symptoms of tuberculosis,Boolean,,,,,,,,,,,,,,,,,,,,,,,,,,,,,,,,,
MISAU.G.General,MISAU.G.DE242,Tested for Malaria,Whether the patient has been tested for malaria,Boolean,,,,,,,,,,,,,,,,,,,,,,,,,,,,,,,,,
MISAU.G.General,MISAU.G.DE243,,,,,,,,,,,,,,,,,,,,,,,,,,,,,,,,,,,,
MISAU.G.General,MISAU.G.DE244,Side Effect – Medication,,Boolean,,,,,,,,,,,,,,,,,,,,,,,,,,,,,,,,,
MISAU.G.General,MISAU.G.DE245,Type of Side Effect,,Coding,"Abdominal Pain,  Nausea/Vomiting, Diarrhea,  Peripheral Neuropathy, Skin Rash, Hyperglycaemia, Dyslipidaemia, Lipodystrophy, CIT Pancreatitis, Nephrotoxicity, Hepatitis, Stevens-Johnson Syndrome, Hypersensitivity ABC/RAL, Lactic Acid, Hepatic Steatosis, Neuropsychiatric, Gynecomastia | Unwanted Weight Gain",,,,,,,,,,,,,,,,,,,,,,,,,,,,,,,,
MISAU.G.General,MISAU.G.DE246,Degree of Side Effect,,Coding,"I – Light
II - Moderate
III – Severus
IV – Risk of life

",,,,,,,,,,,,,,,,,,,,,,,,,,,,,,,,
MISAU.G.General,MISAU.G.DE247,,,Boolean,,,,,,,,,,,,,,,,,,,,,,,,,,,,,,,,,
MISAU.G.General,MISAU.G.DE248,Additional Tests Requisition,,Boolean,,,,,,,,,,,,,,,,,,,,,,,,,,,,,,,,,
MISAU.G.General,MISAU.G.DE249,Laboratory test request,,Boolean,,,,,,,,,,,,,,,,,,,,,,,,,,,,,,,,,
MISAU.G.General,MISAU.G.DE250,Priority,,Boolean,"Normal, Urgent",,,,,,,,,,,,,,,,,,,,,,,,,,,,,,,,
MISAU.G.General,MISAU.G.DE251,Laboratory test,,Coding,All the laboratory tests in the system,,,,,,,,,,,,,,,,,,,,,,,,,,,,,,,,
MISAU.G.General,MISAU.G.DE252,Sample Type,Type of biological sample required,Coding,,,,,,,,,,,,,,,,,,,,,,,,,,,,,,,,,
MISAU.G.General,MISAU.G.DE253,Exam Date,Date the test is to be performed,Date,,,,,,,,,,,,,,,,,,,,,,,,,,,,,,,,,
MISAU.G.General,MISAU.G.DE254,Department,Department where the test was requested,Coding,,,,,,,,,,,,,,,,,,,,,,,,,,,,,,,,,
MISAU.G.General,MISAU.G.DE255,Service,Clinical service that made the request,Coding,,,,,,,,,,,,,,,,,,,,,,,,,,,,,,,,,
MISAU.G.General,MISAU.G.DE256,Date and Time of Request,Timestamp of when the test was requested,Date,,,,,,,,,,,,,,,,,,,,,,,,,,,,,,,,,
MISAU.G.General,MISAU.G.DE257,Exam Group,Laboratory grouping for the exam,Coding,,,,,,,,,,,,,,,,,,,,,,,,,,,,,,,,,
MISAU.G.General,MISAU.G.DE258,Clinician,Name of the clinician who placed the request,String,"Pending, Finished",,,,,,,,,,,,,,,,,,,,,,,,,,,,,,,,
MISAU.G.General,MISAU.G.DE259,Exam Status,Processing state of the exam,Coding,,,,,,,,,,,,,,,,,,,,,,,,,,,,,,,,,
MISAU.G.General,MISAU.G.DE260,Request Date,Date the test request was created,Coding,,,,,,,,,,,,,,,,,,,,,,,,,,,,,,,,,
MISAU.G.General,MISAU.G.DE261,Exam Name,Name of the specific test,Coding,,,,,,,,,,,,,,,,,,,,,,,,,,,,,,,,,
MISAU.G.General,MISAU.G.DE262,Result,Outcome value recorded for the test,Coding,,,,,,,,,,,,,,,,,,,,,,,,,,,,,,,,,
MISAU.G.General,MISAU.G.DE263,Reference Value,Normal/expected range for the test result,Coding,,,,,,,,,,,,,,,,,,,,,,,,,,,,,,,,,
MISAU.G.General,MISAU.G.DE264,Number,Sequential order number of the test in the group,,,,,,,,,,,,,,,,,,,,,,,,,,,,,,,,,,
MISAU.G.General,MISAU.G.DE265,Imaging,,,,,,,,,,,,,,,,,,,,,,,,,,,,,,,,,,,
MISAU.G.General,MISAU.G.DE266,Radiology Tests,Selected radiology examination(s),Coding,List of radiological tests,,,,,,,,,,,,,,,,,,,,,,,,,,,,,,,,
MISAU.G.General,MISAU.G.DE267,MRI Tests,Selected MRI examination(s),Coding,List of MRI tests,,,,,,,,,,,,,,,,,,,,,,,,,,,,,,,,
MISAU.G.General,MISAU.G.DE268,Ultrasound Tests,Selected ultrasound examination(s),Coding,List of all available ultrasound tests,,,,,,,,,,,,,,,,,,,,,,,,,,,,,,,,
MISAU.G.General,MISAU.G.DE269,Further Observations (Imaging),Additional clinical notes for imaging request,String,,,,,,,,,,,,,,,,,,,,,,,,,,,,,,,,,
MISAU.G.General,MISAU.G.DE270,Exam Date (Imaging),Date the imaging exam is to be performed,Date,,,,,,,,,,,,,,,,,,,,,,,,,,,,,,,,,
MISAU.G.General,MISAU.G.DE271,Results,Recorded outcome of the imaging exam,Coding,,,,,,,,,,,,,,,,,,,,,,,,,,,,,,,,,
MISAU.G.General,MISAU.G.DE272,Clinician's name,Name of the requesting clinician,Coding,,,,,,,,,,,,,,,,,,,,,,,,,,,,,,,,,
MISAU.G.General,MISAU.G.DE273,Reference Value,,Coding,,,,,,,,,,,,,,,,,,,,,,,,,,,,,,,,,
MISAU.G.General,MISAU.G.DE274,Rapid Tests,,Coding,,,,,,,,,,,,,,,,,,,,,,,,,,,,,,,,,
MISAU.G.General,MISAU.G.DE275,Exam name/Result,,Coding,,,,,,,,,,,,,,,,,,,,,,,,,,,,,,,,,
MISAU.G.General,MISAU.G.DE276,Malaria,Result of Malaria rapid test,Coding,"Positive, Negative, Invalid",,,,,,,,,,,,,,,,,,,,,,,,,,,,,,,,
MISAU.G.General,MISAU.G.DE277,HIV,Result of HIV Rapid test,Coding,"Positive, Negative, undetermined",,,,,,,,,,,,,,,,,,,,,,,,,,,,,,,,
MISAU.G.General,MISAU.G.DE278,Syphilis,Result of Syphilis rapid test,Coding,"Positive, Negative, undetermined",,,,,,,,,,,,,,,,,,,,,,,,,,,,,,,,
MISAU.G.General,MISAU.G.DE279,Pregnancy,Result of pregnancy test,Coding,"Positive, Negative, Invalid",,,,,,,,,,,,,,,,,,,,,,,,,,,,,,,,
MISAU.G.General,MISAU.G.DE280,Covid,Result of covid rapid test,Coding,"Positive, Negative, invalid",,,,,,,,,,,,,,,,,,,,,,,,,,,,,,,,
MISAU.G.General,MISAU.G.DE281,Hepatitis B,Result of Hepatitis B,Coding,"Positive, Negative, undetermined",,,,,,,,,,,,,,,,,,,,,,,,,,,,,,,,
,,DIAGNOSIS,,,,,,,,,,,,,,,,,,,,,,,,,,,,,,,,,,,
MISAU.G.General,MISAU.G.DE281,Date and Time of Diagnosis,Date and time when the diagnosis was recorded,Date,,,,,,,,,,,,,,,,,,,,,,,,,,,,,,,,,
MISAU.G.General,MISAU.G.DE282,Service,Clinical service under which diagnosis was made,Coding,List of services,,,,,,,,,,,,,,,,,,,,,,,,,,,,,,,,
MISAU.G.General,MISAU.G.DE283,Diagnosis,ICD-10 diagnosis code or designation,Coding,,,,,,,,,,,,,,,,,,,,,,,,,,,,,,,,,
MISAU.G.General,MISAU.G.DE284,Type of Diagnosis,Classification of the diagnosis status,Coding,,,,,,,,,,,,,,,,,,,,,,,,,,,,,,,,,
MISAU.G.General,MISAU.G.DE285,Provisional,Provisional diagnosis,Codes,,,,,,,,,,,,,,,,,,,,,,,,,,,,,,,,,
MISAU.G.General,MISAU.G.DE286,Confirmed,Confirmed diagnosis,Codes,,,,,,,,,,,,,,,,,,,,,,,,,,,,,,,,,
MISAU.G.General,MISAU.G.DE287,Clinician's Name,Name of the clinician who recorded the diagnosis,String,,,,,,,,,,,,,,,,,,,,,,,,,,,,,,,,,
MISAU.G.General,MISAU.G.DE288,Stadium,Clinical stage of Kaposi's sarcoma (C46),Coding,T0S0 (165385) | T0S1 (233808) | T1S0 (165387) | T1S1 (165388),,,Enabled only when Diagnosis = C46 – Kaposi's sarcoma; Concept ID 507,Conditional,,,,,,,,,,,,,,,,,,,,,,,,,,,,
,,,,Coding,,,,,,,,,,,,,,,,,,,,,,,,,,,,,,,,,
DISCHARGE,,,,Coding,,,,,,,,,,,,,,,,,,,,,,,,,,,,,,,,,
MISAU.G.General,Discharge Request,,,Coding,,,,,,,,,,,,,,,,,,,,,,,,,,,,,,,,,
MISAU.G.General,MISAU.G.DE288,Date of Admission,"Patient admission date (non-editable, auto-retrieved)",Date,,,,,,,,,,,,,,,,,,,,,,,,,,,,,,,,,
MISAU.G.General,MISAU.G.DE289,Discharge Date,Date of discharge; auto-populated with option for clinician edit,Date,,,,,,,,,,,,,,,,,,,,,,,,,,,,,,,,,
MISAU.G.General,MISAU.G.DE290,Type of Discharge,Category of discharge selected by clinician,Coding,,,,,,,,,,,,,,,,,,,,,,,,,,,,,,,,,
MISAU.G.General,MISAU.G.DE291,continue with outpatient consultations.,,Codes,,,,,,,,,,,,,,,,,,,,,,,,,,,,,,,,,
MISAU.G.General,MISAU.G.DE292,Clinic with treatment completed.,,Codes,,,,,,,,,,,,,,,,,,,,,,,,,,,,,,,,,
MISAU.G.General,MISAU.G.DE293,Abandonment,,Codes,,,,,,,,,,,,,,,,,,,,,,,,,,,,,,,,,
MISAU.G.General,MISAU.G.DE294,Upon request,,Codes,"Indicate: Applicant's Name
Applicant's Address
Applicant Contact Information
Reason for Request
Type of Transport",,,,,,,,,,,,,,,,,,,,,,,,,,,,,,,,
MISAU.G.General,MISAU.G.DE295,Death,,Codes,,,,,,,,,,,,,,,,,,,,,,,,,,,,,,,,,
,MISAU.G.DE296,Length of Hospitalization before Death,"If discharge type is death, the duration the patient stayed in the facility before death",,"Before 48 hours of hospitalization
After 48 hours of hospitalization
",,,,,,,,,,,,,,,,,,,,,,,,,,,,,,,,
MISAU.G.General,MISAU.G.DE297,Transfer to another,,Codes,,,,,,,,,,,,,,,,,,,,,,,,,,,,,,,,,
MISAU.G.General,MISAU.G.DE298,Overall Result,"Patient outcome at discharge, options vary by discharge type",Coding,,,,,,,,,,,,,,,,,,,,,,,,,,,,,,,,,
,MISAU.G.DE299,For high-risk death type,,Codes,"No autopsy
Anatomical-pathological autopsy
Medico-legal autopsy
",,,,,,,,,,,,,,,,,,,,,,,,,,,,,,,,
,MISAU.G.DE300,Cured,,Codes,,,,,,,,,,,,,,,,,,,,,,,,,,,,,,,,,
,MISAU.G.DE301,Improved,,Codes,,,,,,,,,,,,,,,,,,,,,,,,,,,,,,,,,
,MISAU.G.DE302,Stationary,,Codes,,,,,,,,,,,,,,,,,,,,,,,,,,,,,,,,,
,MISAU.G.DE303,Worse,,Codes,,,,,,,,,,,,,,,,,,,,,,,,,,,,,,,,,
,MISAU.G.DE304,Undetermined,,Codes,,,,,,,,,,,,,,,,,,,,,,,,,,,,,,,,,
,MISAU.G.DE305,No disease,,Codes,,,,,,,,,,,,,,,,,,,,,,,,,,,,,,,,,
,MISAU.G.DE306,Degree of disability,,Codes,,,,,,,,,,,,,,,,,,,,,,,,,,,,,,,,,
MISAU.G.General,MISAU.G.DE307,Established Therapy,Summary of treatment provided during episode,,,,,,,,,,,,,,,,,,,,,,,,,,,,,,,,,,
MISAU.G.General,MISAU.G.DE308,Further Observations,Additional clinical notes at discharge,,,,,,,,,,,,,,,,,,,,,,,,,,,,,,,,,,
MISAU.G.General,MISAU.G.DE309,,,,,,,,,,,,,,,,,,,,,,,,,,,,,,,,,,,,
MISAU.G.General,MISAU.G.DE310,Discharge Diagnosis,,,,,,,,,,,,,,,,,,,,,,,,,,,,,,,,,,,
MISAU.G.General,MISAU.G.DE311,Primary Diagnosis Code,ICD-10 code of principal diagnosis at discharge (searchable),Codes,,,,,,,,,,,,,,,,,,,,,,,,,,,,,,,,,
MISAU.G.General,MISAU.G.DE312,Primary Diagnosis Name,Full designation of the primary ICD-10 diagnosis,String,,,,,,,,,,,,,,,,,,,,,,,,,,,,,,,,,
MISAU.G.General,MISAU.G.DE313,Secondary Diagnosis Code,ICD-10 code of additional diagnoses (multiple allowed),Codes,,,,,,,,,,,,,,,,,,,,,,,,,,,,,,,,,
MISAU.G.General,MISAU.G.DE314,Secondary Diagnosis Name,Designation of secondary diagnoses,String,,,,,,,,,,,,,,,,,,,,,,,,,,,,,,,,,
MISAU.G.General,MISAU.G.DE315,Recommendations,Post-discharge recommendations for patient care,String,,,,,,,,,,,,,,,,,,,,,,,,,,,,,,,,,
MISAU.G.General,MISAU.G.DE316,Evolution and Prognosis,Clinical prognosis and evolution notes,String,,,,,,,,,,,,,,,,,,,,,,,,,,,,,,,,,
MISAU.G.General,MISAU.G.DE317,Outpatient Consultation Continuation,,String,,,,,,,,,,,,,,,,,,,,,,,,,,,,,,,,,
MISAU.G.General,MISAU.G.DE318,Outpatient Service,External consultation service for continued care (single select),Coding,,,,,,,,,,,,,,,,,,,,,,,,,,,,,,,,,
MISAU.G.General,MISAU.G.DE319,Outpatient Specialty,Specialty linked to selected outpatient service,Coding,,,,,,,,,,,,,,,,,,,,,,,,,,,,,,,,,
MISAU.G.General,MISAU.G.DE320,Transfer Health Unit,,String,,,,,,,,,,,,,,,,,,,,,,,,,,,,,,,,,
MISAU.G.General,MISAU.G.DE321,Destination Province,Province of destination health unit,Coding,,,,,,,,,,,,,,,,,,,,,,,,,,,,,,,,,
MISAU.G.General,MISAU.G.DE322,Destination District,District of destination health unit,Coding,,,,,,,,,,,,,,,,,,,,,,,,,,,,,,,,,
MISAU.G.General,MISAU.G.DE323,Destination Health Unit,Name of destination health unit,Coding,,,,,,,,,,,,,,,,,,,,,,,,,,,,,,,,,
MISAU.G.General,,,,,,,,,,,,,,,,,,,,,,,,,,,,,,,,,,,,,
MISAU.G.General,,Request Treatment,,,,,,,,,,,,,,,,,,,,,,,,,,,,,,,,,,,
MISAU.G.General,MISAU.G.DE288,Treatment Name,Name of the treatment selected from a pre-configured system list (single select),Coding,,,,,,,,,,,,,,,,,,,,,,,,,,,,,,,,,
MISAU.G.General,MISAU.G.DE289,Further Observations,Additional clinical notes or context for the treatment request,Coding,,,,,,,,,,,,,,,,,,,,,,,,,,,,,,,,,
MISAU.G.General,MISAU.G.DE290,Treatment Request Status,Status of each treatment request; defaults to Pending on creation,Coding,"Completed, Rejected, Pending",,,,,,,,,,,,,,,,,,,,,,,,,,,,,,,,
MISAU.G.General,MISAU.G.DE291,Perfom Outpatient treatment,,Coding,,,,,,,,,,,,,,,,,,,,,,,,,,,,,,,,,
MISAU.G.General,MISAU.G.DE292,Treatment Name (view),Non-editable display of the requested treatment name,Coding,,,,,,,,,,,,,,,,,,,,,,,,,,,,,,,,,
MISAU.G.General,MISAU.G.DE293,Observations (view),Non-editable display of additional observations from request,Coding,,,,,,,,,,,,,,,,,,,,,,,,,,,,,,,,,
MISAU.G.General,MISAU.G.DE294,Treatment Status,Outcome of treatment execution selected by nurse,Coding,,,,,,,,,,,,,,,,,,,,,,,,,,,,,,,,,
MISAU.G.General,MISAU.G.DE295,Nurse's Notes,Nurse's justification notes; mandatory when status is Rejected,Coding,,,,,,,,,,,,,,,,,,,,,,,,,,,,,,,,,
MISAU.G.General,MISAU.G.DE296,Date & Time (Treatment),Date and time treatment was performed (auto-populated by system),Coding,,,,,,,,,,,,,,,,,,,,,,,,,,,,,,,,,
MISAU.G.General,MISAU.G.DE297,Nurse Name,Name of the nurse who performed the treatment (auto-populated),Coding,,,,,,,,,,,,,,,,,,,,,,,,,,,,,,,,,
Disease Screening,,,,,,,,,,,,,,,,,,,,,,,,,,,,,,,,,,,,,
MISAU.G.General,MISAU.G.DE288,TB Screening,,,,,,,,,,,,,,,,,,,,,,,,,,,,,,,,,,,
MISAU.G.General,MISAU.G.DE289,TB – Exposure (last 12 months),Whether patient has been exposed to TB in the past 12 months,Boolean,,,,,,,,,,,,,,,,,,,,,,,,,,,,,,,,,
MISAU.G.General,MISAU.G.DE290,TB – Has Symptoms,Whether patient currently presents TB symptoms,Boolean,,,,,,,,,,,,,,,,,,,,,,,,,,,,,,,,,
MISAU.G.General,MISAU.G.DE291,TB – Symptom List,Specific TB symptoms observed:,Coding," Fever, Weight Loss, Night Sweats, Cough >2wks, Asthenia, TB Contact, Cervical Lymphadenopathy",,,,,,,,,,,,,,,,,,,,,,,,,,,,,,,,
MISAU.G.General,MISAU.G.DE292,TB – Painless Cervical Lymphadenopathy,Symptom available only for paediatric users aged ≤14 years,Boolean,,,,,,,,,,,,,,,,,,,,,,,,,,,,,,,,,
MISAU.G.General,MISAU.G.DE293,,,,,,,,,,,,,,,,,,,,,,,,,,,,,,,,,,,,
MISAU.G.General,MISAU.G.DE294,Sexually Transmitted Infections Screening,,,,,,,,,,,,,,,,,,,,,,,,,,,,,,,,,,,
MISAU.G.General,MISAU.G.DE295,STI – Has Symptoms,Whether patient reports STI symptoms,Boolean,,,,,,,,,,,,,,,,,,,,,,,,,,,,,,,,,
MISAU.G.General,MISAU.G.DE296,Cervical & Breast Cancer (CACUM) Screening ,,,,,,,,,,,,,,,,,,,,,,,,,,,,,,,,,,,
MISAU.G.General,MISAU.G.DE297,CACUM – Screening Up to Date,Whether cervical/breast cancer screening was done within last 24 months. Field visible to female patients only.,Boolean,,,,,,,,,,,,,,,,,,,,,,,,,,,,,,,,,
MISAU.G.General,MISAU.G.DE298,Diabetes Screening,,,,,,,,,,,,,,,,,,,,,,,,,,,,,,,,,,,
MISAU.G.General,MISAU.G.DE299,Diabetes – Family History,First-degree family history of diabetes,Boolean,,,,,,,,,,,,,,,,,,,,,,,,,,,,,,,,,
MISAU.G.General,MISAU.G.DE300,Diabetes – Overweight,System auto-calculates from BMI record (read-only),Boolean,,,,,,,,,,,,,,,,,,,,,,,,,,,,,,,,,
MISAU.G.General,MISAU.G.DE301,Diabetes – Unintentional Weight Loss,Whether patient reports unintentional weight loss,Boolean,,,,,,,,,,,,,,,,,,,,,,,,,,,,,,,,,
MISAU.G.General,MISAU.G.DE302,Diabetes – Screening Up to Date,Whether diabetes screening is current,Boolean,,,,,,,,,,,,,,,,,,,,,,,,,,,,,,,,,
MISAU.G.General,MISAU.G.DE303,Diabetes – Excessive Thirst,Persistent thirst despite drinking water,Boolean,,,,,,,,,,,,,,,,,,,,,,,,,,,,,,,,,
MISAU.G.General,MISAU.G.DE304,Diabetes – Increased Hunger,Feeling hungrier than usual,Boolean,,,,,,,,,,,,,,,,,,,,,,,,,,,,,,,,,
MISAU.G.General,MISAU.G.DE305,Diabetes – Frequent Urination,Urinating more frequently than normal,Boolean,,,,,,,,,,,,,,,,,,,,,,,,,,,,,,,,,
MISAU.G.General,MISAU.G.DE306,Diabetes – Lab Request Trigger,Auto-opens lab request form with 'Blood Glucose' pre-loaded when positive symptoms flagged (rule: ≥1 of highlighted Qs answered Yes),Boolean,,,,,,,,,,,,,,,,,,,,,,,,,,,,,,,,,
MISAU.G.General,MISAU.G.DE307,Hypertension Screening,,,,,,,,,,,,,,,,,,,,,,,,,,,,,,,,,,,
MISAU.G.General,MISAU.G.DE308,HBP – Family History,"Family history of hypertension or related complications (stroke, kidney, heart disease)",Boolean,,,,,,,,,,,,,,,,,,,,,,,,,,,,,,,,,
MISAU.G.General,MISAU.G.DE309,HBP – Prior Stroke,Whether patient has previously had a stroke,Boolean,,,,,,,,,,,,,,,,,,,,,,,,,,,,,,,,,
MISAU.G.General,MISAU.G.DE310,Blood Pressure ,Patient's blood pressure reading; pre-filled if already recorded (editable),String,,,,,,,,,,,,,,,,,,,,,,,,,,,,,,,,,
MISAU.G.General,MISAU.G.DE311,HIV Screening,,,,,,,,,,,,,,,,,,,,,,,,,,,,,,,,,,,
MISAU.G.General,MISAU.G.DE312,HIV – Known Serological Status,Whether patient has proof of HIV test done within last 3 months,Boolean,,,,,,,,,,,,,,,,,,,,,,,,,,,,,,,,,
MISAU.G.General,MISAU.G.DE313,HIV – Test Result (known),HIV test result if serological status is known,Coding,"Positive, Negative",,,,,,,,,,,,,,,,,,,,,,,,,,,,,,,,
MISAU.G.General,MISAU.G.DE314,Date of Last HIV Test,Date of most recent HIV test (shown when result is Negative),Date,,,,,,,,,,,,,,,,,,,,,,,,,,,,,,,,,
MISAU.G.General,MISAU.G.DE315,On ART,Whether HIV+ patient is currently on antiretroviral therapy,Boolean,,,,,,,,,,,,,,,,,,,,,,,,,,,,,,,,,
MISAU.G.General,MISAU.G.DE316,ART Location,Health facility where ART is administered (shown when On ART = Yes),Coding,,,,,,,,,,,,,,,,,,,,,,,,,,,,,,,,,
MISAU.G.General,MISAU.G.DE317,Type of HIV Test,Method used for HIV testing (default: Quick Test),Coding,"PCR, Quick test",,,,,,,,,,,,,,,,,,,,,,,,,,,,,,,,
MISAU.G.General,MISAU.G.DE318,HIV Test Result (new),Result of newly conducted HIV test,Coding,"Positive, Negative",,,,,,,,,,,,,,,,,,,,,,,,,,,,,,,,
MISAU.G.General,MISAU.G.DE319,HIV Test Date,Date on which HIV test was performed,Date,,,,,,,,,,,,,,,,,,,,,,,,,,,,,,,,,
MISAU.G.General,MISAU.G.DE320,Testing Location Type,Type of facility where test was conducted,Coding,Heath units,,,,,,,,,,,,,,,,,,,,,,,,,,,,,,,,
MISAU.G.General,MISAU.G.DE321,Testing Location Name,Name of testing facility,Boolean,,,,,,,,,,,,,,,,,,,,,,,,,,,,,,,,,
MISAU.G.General,MISAU.G.DE322,Presumptive Diagnosis (<18 months),Checkbox for presumptive HIV diagnosis in children under 18 months,Coding,,,,,,,,,,,,,,,,,,,,,,,,,,,,,,,,,
MISAU.G.General,MISAU.G.DE323,Date of Presumptive Diagnosis,Date of presumptive diagnosis for under-18-month patients,Date,,,,,,,,,,,,,,,,,,,,,,,,,,,,,,,,,
MISAU.G.General,MISAU.G.DE324,HIV Wizard Trigger,Auto-opens HIV flow wizard when patient is HIV+ and not on ART,,,,,,,,,,,,,,,,,,,,,,,,,,,,,,,,,,
Transfer Patient,MISAU.G.DE325,,,,,,,,,,,,,,,,,,,,,,,,,,,,,,,,,,,,
MISAU.G.General,MISAU.G.DE326,Current Admission,,,,,,,,,,,,,,,,,,,,,,,,,,,,,,,,,,,
MISAU.G.General,MISAU.G.DE327,Admission Type,"Type of current admission (inpatient, outpatient, programme)",,"Inpatient, Outpatient, Programme",,,,,,,,,,,,,,,,,,,,,,,,,,,,,,,,
MISAU.G.General,MISAU.G.DE328,Ward,Ward where the inpatient is currently admitted (auto-populated),,,,,,,,,,,,,,,,,,,,,,,,,,,,,,,,,,
MISAU.G.General,MISAU.G.DE329,Bed,Bed number assigned to inpatient (auto-populated),,,,,,,,,,,,,,,,,,,,,,,,,,,,,,,,,,
MISAU.G.General,MISAU.G.DE330,Date of Admission,Date patient was admitted (auto-retrieved from system),,,,,,,,,,,,,,,,,,,,,,,,,,,,,,,,,,
MISAU.G.General,MISAU.G.DE331,Service,Outpatient service where user is registered (auto-populated),,,,,,,,,,,,,,,,,,,,,,,,,,,,,,,,,,
MISAU.G.General,MISAU.G.DE332,Date & Time of Admission,Date and time of the current episode (auto-populated),,,,,,,,,,,,,,,,,,,,,,,,,,,,,,,,,,
MISAU.G.General,MISAU.G.DE333,Main Complaint,Patient's main complaint at admission (auto-populated),,,,,,,,,,,,,,,,,,,,,,,,,,,,,,,,,,
MISAU.G.General,MISAU.G.DE334,,,,,,,,,,,,,,,,,,,,,,,,,,,,,,,,,,,,
MISAU.G.General,MISAU.G.DE335,Transfer Details,,,,,,,,,,,,,,,,,,,,,,,,,,,,,,,,,,,
MISAU.G.General,MISAU.G.DE336,Transfer/Reference Date,Date and time the transfer or referral is initiated (auto-populated),,,,,,,,,,,,,,,,,,,,,,,,,,,,,,,,,,
MISAU.G.General,MISAU.G.DE337,Transfer Action,Indicates whether action is a Transfer or Referral,,,,,,,,,,,,,,,,,,,,,,,,,,,,,,,,,,
MISAU.G.General,MISAU.G.DE338,Type of Transfer/Reference,"Category of transfer: Internal, External Consultation, or Another Health Unit",,,,,,,,,,,,,,,,,,,,,,,,,,,,,,,,,,
MISAU.G.General,MISAU.G.DE339,Reason for Transfer/Reference,Clinical or administrative justification for the transfer,,,,,,,,,,,,,,,,,,,,,,,,,,,,,,,,,,
MISAU.G.General,MISAU.G.DE340,Clinician Name,Name of clinician requesting the transfer (auto-filled),,,,,,,,,,,,,,,,,,,,,,,,,,,,,,,,,,
MISAU.G.General,MISAU.G.DE341,Professional Category,Category/role of the clinician (auto-filled),,,,,,,,,,,,,,,,,,,,,,,,,,,,,,,,,,
MISAU.G.General,MISAU.G.DE342,,,,,,,,,,,,,,,,,,,,,,,,,,,,,,,,,,,,
MISAU.G.General,MISAU.G.DE343,Transfer to another Health unit,,,,,,,,,,,,,,,,,,,,,,,,,,,,,,,,,,,
MISAU.G.General,MISAU.G.DE344,Destination Province,Province of the destination health unit (auto-filled on transfer),,,,,,,,,,,,,,,,,,,,,,,,,,,,,,,,,,
MISAU.G.General,MISAU.G.DE345,Destination District,District of the destination health unit (auto-filled),,,,,,,,,,,,,,,,,,,,,,,,,,,,,,,,,,
MISAU.G.General,MISAU.G.DE346,Destination Health Unit,Name of the destination health unit (auto-filled),,,,,,,,,,,,,,,,,,,,,,,,,,,,,,,,,,
MISAU.G.General,MISAU.G.DE347,Destination Transfer Type,"Care setting at destination: External Consult, Emergency, Inpatient, Other",,,,,,,,,,,,,,,,,,,,,,,,,,,,,,,,,,
MISAU.G.General,MISAU.G.DE348,Destination Ward,Ward at destination (when Inpatient selected – free text),,,,,,,,,,,,,,,,,,,,,,,,,,,,,,,,,,
MISAU.G.General,MISAU.G.DE349,Destination Specialty (External),Specialty at destination for external consultations,,,,,,,,,,,,,,,,,,,,,,,,,,,,,,,,,,
MISAU.G.General,MISAU.G.DE350,,,,,,,,,,,,,,,,,,,,,,,,,,,,,,,,,,,,
MISAU.G.General,MISAU.G.DE351,Receive Transfer,,,,,,,,,,,,,,,,,,,,,,,,,,,,,,,,,,,
MISAU.G.General,MISAU.G.DE352,Reference Number,Unique identifier for the transfer/referral (auto-generated),,,,,,,,,,,,,,,,,,,,,,,,,,,,,,,,,,
MISAU.G.General,MISAU.G.DE353,Transfer Date (receive),Date of transfer as recorded at receiving end,,,,,,,,,,,,,,,,,,,,,,,,,,,,,,,,,,
MISAU.G.General,MISAU.G.DE354,Transfer Type (receive),Type of transfer as recorded at origin (non-editable),,,,,,,,,,,,,,,,,,,,,,,,,,,,,,,,,,
MISAU.G.General,MISAU.G.DE355,Transfer Reason (receive),Reason given at origin (non-editable),,,,,,,,,,,,,,,,,,,,,,,,,,,,,,,,,,
MISAU.G.General,MISAU.G.DE356,Response,Clinical or administrative response by receiving clinician,,,,,,,,,,,,,,,,,,,,,,,,,,,,,,,,,,
MISAU.G.General,MISAU.G.DE357,Receiving Clinician Name,Name of clinician who receives and responds (auto-filled),,,,,,,,,,,,,,,,,,,,,,,,,,,,,,,,,,